年度,大会,節,試合日,K/O時刻,ホーム,スコア,アウェイ,スタジアム,入場者数,TV放送
2012,Ｊ２ ,第１節第１日,03/04(日),"
														13:05","
水戸
","
2-1
","
横浜FC
","
														Ｋｓスタ","
														5,817",スカパー／ｅ２（スカイ・Ａ　ｓｐｏｒｔｓ＋）／スカパー光
2012,Ｊ２ ,第１節第１日,03/04(日),"
														13:05","
東京Ｖ
","
2-0
","
松本
","
														味スタ","
														12,432",スカパー／ｅ２／スカパー光
2012,Ｊ２ ,第１節第１日,03/04(日),"
														15:04","
甲府
","
2-1
","
栃木
","
														中銀スタ","
														10,169",スカパー／ｅ２／スカパー光／ＮＨＫ甲府
2012,Ｊ２ ,第１節第１日,03/04(日),"
														15:04","
岐阜
","
2-2
","
鳥取
","
														長良川","
														3,321",スカパー／ｅ２（録）／スカパー光／ＮＨＫ岐阜／ＮＨＫ鳥取
2012,Ｊ２ ,第１節第１日,03/04(日),"
														15:04","
岡山
","
1-1
","
富山
","
														カンスタ","
														6,981",スカパー／ｅ２／スカパー光／ＮＨＫ岡山／ＮＨＫ富山
2012,Ｊ２ ,第１節第１日,03/04(日),"
														15:05","
福岡
","
2-1
","
熊本
","
														レベスタ","
														7,379",スカパー／ｅ２／スカパー光／ＮＨＫ福岡／ＮＨＫ熊本
2012,Ｊ２ ,第１節第１日,03/04(日),"
														15:05","
大分
","
2-3
","
草津
","
														大銀ド","
														9,379",スカパー／ｅ２／スカパー光／ＮＨＫ大分
2012,Ｊ２ ,第１節第１日,03/04(日),"
														15:34","
千葉
","
2-0
","
山形
","
														フクアリ","
														11,479",スカパー／ｅ２／スカパー光
2012,Ｊ２ ,第１節第１日,03/04(日),"
														16:05","
愛媛
","
2-0
","
町田
","
														ニンスタ","
														3,926",スカパー／ｅ２（録）／スカパー光／ＮＨＫ松山
2012,Ｊ２ ,第１節第１日,03/04(日),"
														17:34","
湘南
","
2-1
","
京都
","
														ＢＭＷス","
														9,065",スカパー／ｅ２／スカパー光
2012,Ｊ２ ,第１節第１日,03/04(日),"
														17:34","
北九州
","
1-2
","
徳島
","
														本城","
														3,160",スカパー／ｅ２／スカパー光
2012,Ｊ２ ,第２節第１日,03/11(日),"
														13:03","
栃木
","
0-3
","
大分
","
														栃木グ","
														4,148",スカパー／ｅ２／スカパー光／とちぎテレビ（録）
2012,Ｊ２ ,第２節第１日,03/11(日),"
														13:03","
松本
","
1-2
","
山形
","
														松本","
														13,098",スカパー／ｅ２／スカパー光
2012,Ｊ２ ,第２節第１日,03/11(日),"
														13:03","
北九州
","
0-0
","
岡山
","
														本城","
														4,009",スカパー／ｅ２（録）／スカパー光
2012,Ｊ２ ,第２節第１日,03/11(日),"
														13:04","
水戸
","
1-0
","
富山
","
														Ｋｓスタ","
														2,601",スカパー／ｅ２／スカパー光
2012,Ｊ２ ,第２節第１日,03/11(日),"
														13:04","
町田
","
0-1
","
福岡
","
														駒沢","
														4,286",スカパー／ｅ２／スカパー光
2012,Ｊ２ ,第２節第１日,03/11(日),"
														13:06","
徳島
","
3-0
","
岐阜
","
														鳴門大塚","
														6,016",スカパー／ｅ２／スカパー光
2012,Ｊ２ ,第２節第１日,03/11(日),"
														15:04","
草津
","
1-3
","
湘南
","
														正田スタ","
														4,237",スカパー／ｅ２（録）／スカパー光／群馬テレビ
2012,Ｊ２ ,第２節第１日,03/11(日),"
														16:04","
横浜FC
","
0-0
","
愛媛
","
														ニッパ球","
														7,026",スカパー／ｅ２／スカパー光
2012,Ｊ２ ,第２節第１日,03/11(日),"
														16:04","
熊本
","
2-1
","
鳥取
","
														熊本","
														5,817",スカパー／ｅ２／スカパー光
2012,Ｊ２ ,第２節第１日,03/11(日),"
														16:05","
東京Ｖ
","
1-3
","
甲府
","
														味スタ","
														7,020",スカパー／ｅ２／スカパー光
2012,Ｊ２ ,第２節第１日,03/11(日),"
														17:35","
京都
","
2-0
","
千葉
","
														西京極","
														8,003",スカパー／ｅ２／スカパー光／ＫＢＳ京都（録）
2012,Ｊ２ ,第３節第１日,03/17(土),"
														13:04","
山形
","
3-2
","
大分
","
														ＮＤスタ","
														6,315",スカパー／ｅ２／スカパー光
2012,Ｊ２ ,第３節第１日,03/17(土),"
														13:04","
京都
","
2-0
","
熊本
","
														西京極","
														2,901",スカパー／ｅ２／スカパー光／ＫＢＳ京都（録）
2012,Ｊ２ ,第３節第１日,03/17(土),"
														13:04","
鳥取
","
0-3
","
町田
","
														とりスタ","
														2,477",スカパー／ｅ２（録）／スカパー光／ＮＨＫ鳥取
2012,Ｊ２ ,第３節第１日,03/17(土),"
														13:04","
徳島
","
0-1
","
栃木
","
														鳴門大塚","
														3,572",スカパー／ｅ２／スカパー光
2012,Ｊ２ ,第３節第１日,03/17(土),"
														14:04","
松本
","
1-0
","
北九州
","
														松本","
														4,471",スカパー／ｅ２（録）／スカパー光／ＮＨＫ長野／ＮＨＫ北九州
2012,Ｊ２ ,第３節第１日,03/17(土),"
														16:04","
湘南
","
3-1
","
福岡
","
														ＢＭＷス","
														3,602",スカパー／ｅ２／スカパー光
2012,Ｊ２ ,第３節第１日,03/17(土),"
														16:04","
岐阜
","
0-0
","
草津
","
														長良川","
														1,836",スカパー／ｅ２／スカパー光
2012,Ｊ２ ,第３節第１日,03/17(土),"
														16:06","
富山
","
1-4
","
東京Ｖ
","
														富山","
														3,470",スカパー／ｅ２（録）／スカパー光
2012,Ｊ２ ,第３節第１日,03/17(土),"
														18:33","
岡山
","
0-3
","
水戸
","
														カンスタ","
														5,576",スカパー／ｅ２／スカパー光
2012,Ｊ２ ,第３節第１日,03/17(土),"
														19:03","
千葉
","
3-0
","
横浜FC
","
														フクアリ","
														6,959",スカパー／ｅ２／スカパー光
2012,Ｊ２ ,第３節第１日,03/17(土),"
														19:04","
甲府
","
2-1
","
愛媛
","
														中銀スタ","
														6,161",スカパー／ｅ２（録）／スカパー光
2012,Ｊ２ ,第４節第１日,03/20(火・祝),"
														13:03","
福岡
","
0-0
","
千葉
","
														レベスタ","
														5,069",スカパー／ｅ２／スカパー光
2012,Ｊ２ ,第４節第１日,03/20(火・祝),"
														13:04","
山形
","
2-1
","
甲府
","
														ＮＤスタ","
														5,736",スカパー／ｅ２／スカパー光
2012,Ｊ２ ,第４節第１日,03/20(火・祝),"
														13:04","
草津
","
0-0
","
徳島
","
														正田スタ","
														2,903",スカパー／ｅ２（録）／スカパー光
2012,Ｊ２ ,第４節第１日,03/20(火・祝),"
														13:04","
町田
","
1-0
","
熊本
","
														町田","
														4,351",スカパー／ｅ２（録）／スカパー光
2012,Ｊ２ ,第４節第１日,03/20(火・祝),"
														13:05","
大分
","
1-0
","
岡山
","
														大銀ド","
														7,113",スカパー／ｅ２／スカパー光
2012,Ｊ２ ,第４節第１日,03/20(火・祝),"
														16:03","
北九州
","
1-0
","
水戸
","
														本城","
														2,558",スカパー／ｅ２（録）／スカパー光
2012,Ｊ２ ,第４節第１日,03/20(火・祝),"
														16:04","
湘南
","
2-1
","
岐阜
","
														ＢＭＷス","
														6,065",スカパー／ｅ２／スカパー光
2012,Ｊ２ ,第４節第１日,03/20(火・祝),"
														16:04","
愛媛
","
3-0
","
松本
","
														ニンスタ","
														3,598",スカパー／ｅ２／スカパー光
2012,Ｊ２ ,第４節第１日,03/20(火・祝),"
														19:03","
栃木
","
0-0
","
富山
","
														栃木グ","
														2,446",スカパー／ｅ２／スカパー光／とちぎテレビ（録）
2012,Ｊ２ ,第４節第１日,03/20(火・祝),"
														19:03","
横浜FC
","
0-0
","
東京Ｖ
","
														ニッパ球","
														3,549",スカパー／ｅ２／スカパー光
2012,Ｊ２ ,第４節第１日,03/20(火・祝),"
														19:03","
鳥取
","
2-1
","
京都
","
														とりスタ","
														2,781",スカパー／ｅ２／スカパー光
2012,Ｊ２ ,第５節第１日,03/24(土),"
														13:04","
水戸
","
0-0
","
松本
","
														Ｋｓスタ","
														2,952",スカパー／ｅ２／スカパー光
2012,Ｊ２ ,第５節第２日,03/25(日),"
														13:03","
岡山
","
2-1
","
山形
","
														カンスタ","
														5,762",スカパー／ｅ２／スカパー光
2012,Ｊ２ ,第５節第２日,03/25(日),"
														13:03","
福岡
","
4-0
","
鳥取
","
														レベスタ","
														4,017",スカパー／ｅ２／スカパー光
2012,Ｊ２ ,第５節第２日,03/25(日),"
														13:04","
富山
","
2-3
","
北九州
","
														富山","
														1,692",スカパー／ｅ２／スカパー光
2012,Ｊ２ ,第５節第２日,03/25(日),"
														13:04","
京都
","
2-1
","
町田
","
														西京極","
														4,795",スカパー／ｅ２／スカパー光／ＫＢＳ京都（録）
2012,Ｊ２ ,第５節第２日,03/25(日),"
														14:03","
横浜FC
","
0-2
","
甲府
","
														ニッパ球","
														6,071",スカパー／ｅ２（スカイ・Ａ　ｓｐｏｒｔｓ＋）／スカパー光
2012,Ｊ２ ,第５節第２日,03/25(日),"
														14:04","
愛媛
","
1-1
","
栃木
","
														ニンスタ","
														2,838",スカパー／ｅ２／スカパー光
2012,Ｊ２ ,第５節第２日,03/25(日),"
														16:03","
千葉
","
3-0
","
徳島
","
														フクアリ","
														8,337",スカパー／ｅ２／スカパー光
2012,Ｊ２ ,第５節第２日,03/25(日),"
														16:03","
東京Ｖ
","
2-0
","
草津
","
														味スタ","
														3,008",スカパー／ｅ２／スカパー光
2012,Ｊ２ ,第５節第２日,03/25(日),"
														16:04","
熊本
","
3-3
","
湘南
","
														熊本","
														4,687",スカパー／ｅ２／スカパー光
2012,Ｊ２ ,第５節第２日,03/25(日),"
														18:04","
岐阜
","
0-2
","
大分
","
														長良川","
														2,539",スカパー／ｅ２／スカパー光
2012,Ｊ２ ,第６節第１日,04/01(日),"
														13:03","
栃木
","
2-1
","
千葉
","
														栃木グ","
														4,769",スカパー／ｅ２／スカパー光／とちぎテレビ（録）
2012,Ｊ２ ,第６節第１日,04/01(日),"
														13:03","
松本
","
0-3
","
富山
","
														松本","
														8,529",スカパー／ｅ２／スカパー光／長野放送
2012,Ｊ２ ,第６節第１日,04/01(日),"
														13:03","
鳥取
","
1-2
","
湘南
","
														とりスタ","
														2,086",スカパー／ｅ２（録）／スカパー光／日本海テレビ
2012,Ｊ２ ,第６節第１日,04/01(日),"
														13:03","
熊本
","
3-0
","
岐阜
","
														水前寺","
														3,930",スカパー／ｅ２（録）／スカパー光
2012,Ｊ２ ,第６節第１日,04/01(日),"
														13:04","
山形
","
0-0
","
水戸
","
														ＮＤスタ","
														6,179",スカパー／ｅ２／スカパー光
2012,Ｊ２ ,第６節第１日,04/01(日),"
														13:05","
京都
","
3-2
","
福岡
","
														鴨池","
														7,224",スカパー／ｅ２／スカパー光／ＫＢＳ京都（録）
2012,Ｊ２ ,第６節第１日,04/01(日),"
														15:05","
草津
","
1-1
","
横浜FC
","
														正田スタ","
														6,891",スカパー／ｅ２／スカパー光／群馬テレビ
2012,Ｊ２ ,第６節第１日,04/01(日),"
														16:03","
甲府
","
1-2
","
北九州
","
														中銀スタ","
														9,486",スカパー／ｅ２／スカパー光
2012,Ｊ２ ,第６節第１日,04/01(日),"
														16:04","
町田
","
1-2
","
東京Ｖ
","
														町田","
														6,288",スカパー／ｅ２／スカパー光
2012,Ｊ２ ,第６節第１日,04/01(日),"
														16:04","
徳島
","
1-2
","
岡山
","
														鳴門大塚","
														5,121",スカパー／ｅ２／スカパー光／ＮＨＫ徳島
2012,Ｊ２ ,第６節第１日,04/01(日),"
														16:05","
大分
","
1-0
","
愛媛
","
														大銀ド","
														8,082",スカパー／ｅ２／スカパー光
2012,Ｊ２ ,第７節第１日,04/08(日),"
														13:03","
栃木
","
2-0
","
熊本
","
														栃木グ","
														2,999",スカパー／ｅ２／スカパー光／とちぎテレビ（録）
2012,Ｊ２ ,第７節第１日,04/08(日),"
														13:03","
東京Ｖ
","
2-0
","
徳島
","
														味スタ","
														3,110",スカパー／ｅ２／スカパー光
2012,Ｊ２ ,第７節第１日,04/08(日),"
														13:03","
岡山
","
1-0
","
松本
","
														カンスタ","
														7,877",スカパー／ｅ２／スカパー光／岡山放送
2012,Ｊ２ ,第７節第１日,04/08(日),"
														13:03","
北九州
","
1-0
","
鳥取
","
														本城","
														3,230",スカパー／ｅ２（録）／スカパー光
2012,Ｊ２ ,第７節第１日,04/08(日),"
														13:04","
水戸
","
0-1
","
千葉
","
														Ｋｓスタ","
														5,373",スカパー／ｅ２／スカパー光
2012,Ｊ２ ,第７節第１日,04/08(日),"
														13:04","
愛媛
","
4-2
","
福岡
","
														ニンスタ","
														3,035",スカパー／ｅ２／スカパー光／ＮＨＫ松山
2012,Ｊ２ ,第７節第１日,04/08(日),"
														16:03","
横浜FC
","
1-2
","
山形
","
														ニッパ球","
														5,014",スカパー／ｅ２／スカパー光
2012,Ｊ２ ,第７節第１日,04/08(日),"
														16:03","
甲府
","
1-0
","
大分
","
														中銀スタ","
														9,651",スカパー／ｅ２／スカパー光
2012,Ｊ２ ,第７節第１日,04/08(日),"
														16:04","
湘南
","
2-0
","
町田
","
														ＢＭＷス","
														7,035",スカパー／ｅ２（録）／スカパー光
2012,Ｊ２ ,第７節第１日,04/08(日),"
														16:04","
富山
","
1-2
","
草津
","
														富山","
														2,696",スカパー／ｅ２／スカパー光
2012,Ｊ２ ,第７節第１日,04/08(日),"
														16:04","
岐阜
","
0-1
","
京都
","
														長良川","
														3,408",スカパー／ｅ２／スカパー光
2012,Ｊ２ ,第８節第１日,04/15(日),"
														13:04","
山形
","
1-0
","
富山
","
														ＮＤスタ","
														6,460",スカパー／ｅ２／スカパー光
2012,Ｊ２ ,第８節第１日,04/15(日),"
														13:04","
町田
","
0-3
","
栃木
","
														町田","
														3,682",スカパー／ｅ２（録）／スカパー光
2012,Ｊ２ ,第８節第１日,04/15(日),"
														13:04","
熊本
","
0-3
","
松本
","
														水前寺","
														5,472",スカパー／ｅ２／スカパー光／熊本放送
2012,Ｊ２ ,第８節第１日,04/15(日),"
														13:08","
草津
","
1-0
","
愛媛
","
														正田スタ","
														2,488",スカパー／ｅ２／スカパー光
2012,Ｊ２ ,第８節第１日,04/15(日),"
														14:05","
京都
","
1-0
","
東京Ｖ
","
														西京極","
														8,741",スカパー／ｅ２／スカパー光／ＫＢＳ京都（録）
2012,Ｊ２ ,第８節第１日,04/15(日),"
														16:03","
千葉
","
0-0
","
岡山
","
														フクアリ","
														9,056",スカパー／ｅ２／スカパー光
2012,Ｊ２ ,第８節第１日,04/15(日),"
														16:03","
鳥取
","
0-0
","
甲府
","
														とりスタ","
														2,526",スカパー／ｅ２／スカパー光
2012,Ｊ２ ,第８節第１日,04/15(日),"
														16:03","
福岡
","
1-1
","
水戸
","
														レベスタ","
														4,878",スカパー／ｅ２（録）／スカパー光
2012,Ｊ２ ,第８節第１日,04/15(日),"
														16:04","
湘南
","
3-2
","
横浜FC
","
														ＢＭＷス","
														7,111",スカパー／ｅ２／スカパー光／テレビ神奈川
2012,Ｊ２ ,第８節第１日,04/15(日),"
														16:04","
岐阜
","
1-0
","
北九州
","
														長良川","
														2,920",スカパー／ｅ２（録）／スカパー光
2012,Ｊ２ ,第８節第１日,04/15(日),"
														16:05","
大分
","
0-0
","
徳島
","
														大銀ド","
														7,607",スカパー／ｅ２／スカパー光
2012,Ｊ２ ,第９節第１日,04/22(日),"
														13:03","
栃木
","
1-1
","
岐阜
","
														栃木グ","
														2,607",スカパー／ｅ２／スカパー光／とちぎテレビ（録）
2012,Ｊ２ ,第９節第１日,04/22(日),"
														13:04","
甲府
","
1-1
","
町田
","
														中銀スタ","
														7,451",スカパー／ｅ２／スカパー光
2012,Ｊ２ ,第９節第１日,04/22(日),"
														13:04","
愛媛
","
0-0
","
熊本
","
														ニンスタ","
														1,950",スカパー／ｅ２／スカパー光
2012,Ｊ２ ,第９節第１日,04/22(日),"
														13:04","
北九州
","
0-1
","
山形
","
														本城","
														3,286",スカパー／ｅ２／スカパー光／ＮＨＫ北九州／ＮＨＫ山形
2012,Ｊ２ ,第９節第１日,04/22(日),"
														13:05","
水戸
","
1-0
","
草津
","
														Ｋｓスタ","
														3,999",スカパー／ｅ２（録）／スカパー光／ＮＨＫ水戸
2012,Ｊ２ ,第９節第１日,04/22(日),"
														14:03","
横浜FC
","
2-1
","
京都
","
														ニッパ球","
														7,329",スカパー／ｅ２（スカイ・Ａ　ｓｐｏｒｔｓ＋）／スカパー光
2012,Ｊ２ ,第９節第１日,04/22(日),"
														14:33","
東京Ｖ
","
1-2
","
湘南
","
														駒沢","
														6,544",スカパー／ｅ２／スカパー光
2012,Ｊ２ ,第９節第１日,04/22(日),"
														16:03","
松本
","
1-0
","
千葉
","
														松本","
														6,740",スカパー／ｅ２／スカパー光
2012,Ｊ２ ,第９節第１日,04/22(日),"
														16:03","
岡山
","
2-0
","
鳥取
","
														カンスタ","
														5,851",スカパー／ｅ２／スカパー光
2012,Ｊ２ ,第９節第１日,04/22(日),"
														16:04","
富山
","
2-3
","
大分
","
														富山","
														2,003",スカパー／ｅ２／スカパー光
2012,Ｊ２ ,第９節第１日,04/22(日),"
														18:04","
徳島
","
0-4
","
福岡
","
														鳴門大塚","
														2,103",スカパー／ｅ２／スカパー光
2012,Ｊ２ ,第１０節第１日,04/27(金),"
														19:03","
千葉
","
1-1
","
富山
","
														フクアリ","
														6,235",スカパー／ｅ２／スカパー光
2012,Ｊ２ ,第１０節第１日,04/27(金),"
														19:03","
福岡
","
1-3
","
東京Ｖ
","
														レベスタ","
														3,262",スカパー／ｅ２／スカパー光／テレビ西日本（録）
2012,Ｊ２ ,第１０節第１日,04/27(金),"
														19:03","
熊本
","
0-0
","
岡山
","
														熊本","
														3,198",スカパー／ｅ２（録）／スカパー光
2012,Ｊ２ ,第１０節第１日,04/27(金),"
														19:04","
山形
","
2-1
","
栃木
","
														ＮＤスタ","
														5,036",スカパー／ｅ２（録）／スカパー光
2012,Ｊ２ ,第１０節第１日,04/27(金),"
														19:04","
草津
","
0-2
","
北九州
","
														正田スタ","
														1,447",スカパー／ｅ２（録）／スカパー光
2012,Ｊ２ ,第１０節第１日,04/27(金),"
														19:04","
町田
","
0-1
","
松本
","
														町田","
														3,859",スカパー／ｅ２／スカパー光
2012,Ｊ２ ,第１０節第１日,04/27(金),"
														19:04","
湘南
","
1-2
","
水戸
","
														ＢＭＷス","
														4,850",スカパー／ｅ２（録）／スカパー光
2012,Ｊ２ ,第１０節第１日,04/27(金),"
														19:04","
岐阜
","
0-2
","
横浜FC
","
														長良川","
														3,540",スカパー／ｅ２（録）／スカパー光／岐阜放送
2012,Ｊ２ ,第１０節第１日,04/27(金),"
														19:04","
京都
","
1-2
","
大分
","
														西京極","
														5,021",スカパー／ｅ２／スカパー光／ＫＢＳ京都
2012,Ｊ２ ,第１０節第１日,04/27(金),"
														19:04","
徳島
","
0-2
","
甲府
","
														鳴門大塚","
														2,710",スカパー／ｅ２／スカパー光
2012,Ｊ２ ,第１０節第１日,04/27(金),"
														19:33","
鳥取
","
1-4
","
愛媛
","
														とりスタ","
														2,245",スカパー／ｅ２（録）／スカパー光
2012,Ｊ２ ,第１１節第１日,04/30(月・休),"
														13:03","
栃木
","
0-1
","
鳥取
","
														栃木グ","
														3,827",スカパー／ｅ２（録）／スカパー光
2012,Ｊ２ ,第１１節第１日,04/30(月・休),"
														13:04","
水戸
","
2-1
","
徳島
","
														Ｋｓスタ","
														4,222",スカパー／ｅ２／スカパー光
2012,Ｊ２ ,第１１節第１日,04/30(月・休),"
														13:04","
横浜FC
","
2-4
","
町田
","
														ニッパ球","
														7,118",スカパー／ｅ２／スカパー光／ＮＨＫ　ＢＳ１
2012,Ｊ２ ,第１１節第１日,04/30(月・休),"
														13:06","
大分
","
0-0
","
熊本
","
														大銀ド","
														12,595",スカパー／ｅ２／スカパー光
2012,Ｊ２ ,第１１節第１日,04/30(月・休),"
														14:03","
愛媛
","
2-1
","
湘南
","
														ニンスタ","
														3,520",スカパー／ｅ２／スカパー光／あいテレビ
2012,Ｊ２ ,第１１節第１日,04/30(月・休),"
														15:03","
北九州
","
1-2
","
千葉
","
														本城","
														2,112",スカパー／ｅ２（スカイ・Ａ　ｓｐｏｒｔｓ＋）／スカパー光
2012,Ｊ２ ,第１１節第１日,04/30(月・休),"
														15:04","
松本
","
0-0
","
京都
","
														松本","
														12,154",スカパー／ｅ２／スカパー光／ＮＨＫ　ＢＳ１／長野朝日放送
2012,Ｊ２ ,第１１節第１日,04/30(月・休),"
														16:03","
岡山
","
2-1
","
草津
","
														カンスタ","
														7,139",スカパー／ｅ２／スカパー光
2012,Ｊ２ ,第１１節第１日,04/30(月・休),"
														16:04","
甲府
","
1-1
","
福岡
","
														中銀スタ","
														10,070",スカパー／ｅ２／スカパー光
2012,Ｊ２ ,第１１節第１日,04/30(月・休),"
														16:04","
富山
","
1-0
","
岐阜
","
														富山","
														3,466",スカパー／ｅ２／スカパー光
2012,Ｊ２ ,第１１節第１日,04/30(月・休),"
														17:04","
東京Ｖ
","
0-2
","
山形
","
														味スタ","
														6,114",スカパー／ｅ２／スカパー光／ＮＨＫ　ＢＳ１
2012,Ｊ２ ,第１２節第１日,05/03(木・祝),"
														13:03","
福岡
","
1-1
","
大分
","
														レベスタ","
														7,637",スカパー／ｅ２／スカパー光
2012,Ｊ２ ,第１２節第１日,05/03(木・祝),"
														13:04","
山形
","
2-2
","
愛媛
","
														ＮＤスタ","
														7,002",スカパー／ｅ２／スカパー光
2012,Ｊ２ ,第１２節第１日,05/03(木・祝),"
														13:04","
京都
","
1-0
","
栃木
","
														西京極","
														6,403",スカパー／ｅ２／スカパー光／ＫＢＳ京都（録）
2012,Ｊ２ ,第１２節第１日,05/03(木・祝),"
														13:04","
熊本
","
0-2
","
東京Ｖ
","
														熊本","
														5,775",スカパー／ｅ２／スカパー光／ＮＨＫ熊本
2012,Ｊ２ ,第１２節第１日,05/03(木・祝),"
														16:03","
横浜FC
","
0-1
","
岡山
","
														ニッパ球","
														2,803",スカパー／ｅ２／スカパー光
2012,Ｊ２ ,第１２節第１日,05/03(木・祝),"
														16:03","
鳥取
","
1-0
","
富山
","
														とりスタ","
														2,551",スカパー／ｅ２／スカパー光
2012,Ｊ２ ,第１２節第１日,05/03(木・祝),"
														16:04","
草津
","
0-2
","
千葉
","
														正田スタ","
														3,260",スカパー／ｅ２／スカパー光
2012,Ｊ２ ,第１２節第１日,05/03(木・祝),"
														16:04","
徳島
","
1-0
","
松本
","
														鳴門大塚","
														5,272",スカパー／ｅ２／スカパー光
2012,Ｊ２ ,第１２節第１日,05/03(木・祝),"
														18:34","
湘南
","
1-1
","
甲府
","
														ＢＭＷス","
														8,114",スカパー／ｅ２／スカパー光
2012,Ｊ２ ,第１２節第１日,05/03(木・祝),"
														19:04","
町田
","
0-1
","
北九州
","
														町田","
														3,021",スカパー／ｅ２／スカパー光
2012,Ｊ２ ,第１２節第１日,05/03(木・祝),"
														19:05","
岐阜
","
0-1
","
水戸
","
														長良川","
														5,232",スカパー／ｅ２／スカパー光
2012,Ｊ２ ,第１３節第１日,05/06(日),"
														13:04","
甲府
","
0-3
","
京都
","
														中銀スタ","
														9,563",スカパー／ｅ２／スカパー光／山梨放送
2012,Ｊ２ ,第１３節第１日,05/06(日),"
														13:04","
富山
","
1-1
","
町田
","
														富山","
														2,101",スカパー／ｅ２／スカパー光／富山テレビ
2012,Ｊ２ ,第１３節第１日,05/06(日),"
														13:04","
徳島
","
1-1
","
熊本
","
														鳴門大塚","
														4,027",スカパー／ｅ２／スカパー光
2012,Ｊ２ ,第１３節第１日,05/06(日),"
														14:04","
大分
","
3-0
","
鳥取
","
														大銀ド","
														8,085",スカパー／ｅ２／スカパー光／テレビ大分
2012,Ｊ２ ,第１３節第１日,05/06(日),"
														16:03","
千葉
","
1-0
","
愛媛
","
														フクアリ","
														10,967",スカパー／ｅ２／スカパー光
2012,Ｊ２ ,第１３節第１日,05/06(日),"
														16:03","
松本
","
1-1
","
湘南
","
														松本","
														8,323",スカパー／ｅ２／スカパー光
2012,Ｊ２ ,第１３節第１日,05/06(日),"
														16:03","
岡山
","
0-1
","
岐阜
","
														カンスタ","
														9,534",スカパー／ｅ２／スカパー光
2012,Ｊ２ ,第１３節第１日,05/06(日),"
														18:34","
山形
","
1-0
","
草津
","
														ＮＤスタ","
														7,102",スカパー／ｅ２／スカパー光
2012,Ｊ２ ,第１３節第１日,05/06(日),"
														19:03","
北九州
","
1-2
","
横浜FC
","
														本城","
														3,702",スカパー／ｅ２／スカパー光
2012,Ｊ２ ,第１３節第１日,05/06(日),"
														19:04","
水戸
","
0-2
","
東京Ｖ
","
														Ｋｓスタ","
														4,170",スカパー／ｅ２／スカパー光
2012,Ｊ２ ,第１４節第１日,05/12(土),"
														14:04","
愛媛
","
2-2
","
北九州
","
														ニンスタ","
														3,724",スカパー／ｅ２／スカパー光／ＮＨＫ松山
2012,Ｊ２ ,第１４節第２日,05/13(日),"
														13:03","
東京Ｖ
","
0-1
","
岡山
","
														味スタ","
														3,515",スカパー／ｅ２／スカパー光
2012,Ｊ２ ,第１４節第２日,05/13(日),"
														13:03","
福岡
","
1-1
","
山形
","
														レベスタ","
														4,040",スカパー／ｅ２／スカパー光
2012,Ｊ２ ,第１４節第２日,05/13(日),"
														13:04","
草津
","
1-2
","
栃木
","
														正田スタ","
														4,024",スカパー／ｅ２（スカイ・Ａ　ｓｐｏｒｔｓ＋）／スカパー光
2012,Ｊ２ ,第１４節第２日,05/13(日),"
														13:04","
町田
","
1-6
","
千葉
","
														町田","
														6,173",スカパー／ｅ２／スカパー光
2012,Ｊ２ ,第１４節第２日,05/13(日),"
														13:04","
横浜FC
","
3-0
","
富山
","
														ニッパ球","
														5,259",スカパー／ｅ２／スカパー光
2012,Ｊ２ ,第１４節第２日,05/13(日),"
														16:03","
鳥取
","
2-1
","
水戸
","
														とりスタ","
														2,501",スカパー／ｅ２／スカパー光
2012,Ｊ２ ,第１４節第２日,05/13(日),"
														16:04","
湘南
","
1-1
","
大分
","
														ＢＭＷス","
														6,111",スカパー／ｅ２／スカパー光
2012,Ｊ２ ,第１４節第２日,05/13(日),"
														16:04","
熊本
","
0-0
","
甲府
","
														熊本","
														4,182",スカパー／ｅ２／スカパー光
2012,Ｊ２ ,第１４節第２日,05/13(日),"
														16:05","
京都
","
2-1
","
徳島
","
														西京極","
														5,881",スカパー／ｅ２／スカパー光／ＫＢＳ京都（録）
2012,Ｊ２ ,第１４節第２日,05/13(日),"
														19:04","
岐阜
","
0-1
","
松本
","
														長良川","
														5,088",スカパー／ｅ２／スカパー光
2012,Ｊ２ ,第１３節第２日,05/17(木),"
														19:30","
栃木
","
2-0
","
福岡
","
														栃木グ","
														3,718",スカパー／ｅ２／スカパー光／とちぎテレビ（録）
2012,Ｊ２ ,第１５節第１日,05/20(日),"
														13:03","
北九州
","
1-5
","
東京Ｖ
","
														本城","
														3,491",スカパー／ｅ２／スカパー光
2012,Ｊ２ ,第１５節第１日,05/20(日),"
														13:04","
山形
","
2-1
","
岐阜
","
														ＮＤスタ","
														8,070",スカパー／ｅ２／スカパー光
2012,Ｊ２ ,第１５節第１日,05/20(日),"
														13:04","
水戸
","
0-2
","
愛媛
","
														Ｋｓスタ","
														4,303",スカパー／ｅ２／スカパー光
2012,Ｊ２ ,第１５節第１日,05/20(日),"
														13:04","
松本
","
0-2
","
横浜FC
","
														松本","
														13,062",スカパー／ｅ２／スカパー光／ＮＨＫ長野
2012,Ｊ２ ,第１５節第１日,05/20(日),"
														13:04","
徳島
","
3-0
","
鳥取
","
														鳴門大塚","
														3,933",スカパー／ｅ２／スカパー光／ＮＨＫ徳島
2012,Ｊ２ ,第１５節第１日,05/20(日),"
														13:05","
富山
","
0-1
","
福岡
","
														富山","
														2,978",スカパー／ｅ２／スカパー光
2012,Ｊ２ ,第１５節第１日,05/20(日),"
														14:04","
甲府
","
2-0
","
草津
","
														中銀スタ","
														8,739",スカパー／ｅ２／スカパー光／テレビ山梨
2012,Ｊ２ ,第１５節第１日,05/20(日),"
														16:03","
栃木
","
1-1
","
湘南
","
														栃木グ","
														3,933",スカパー／ｅ２／スカパー光／とちぎテレビ（録）
2012,Ｊ２ ,第１５節第１日,05/20(日),"
														16:03","
千葉
","
4-0
","
熊本
","
														フクアリ","
														10,584",スカパー／ｅ２／スカパー光
2012,Ｊ２ ,第１５節第１日,05/20(日),"
														16:04","
岡山
","
1-2
","
京都
","
														カンスタ","
														11,088",スカパー／ｅ２／スカパー光
2012,Ｊ２ ,第１５節第１日,05/20(日),"
														16:06","
大分
","
2-1
","
町田
","
														大銀ド","
														7,253",スカパー／ｅ２／スカパー光
2012,Ｊ２ ,第１６節第１日,05/26(土),"
														13:04","
京都
","
1-0
","
北九州
","
														西京極","
														6,540",スカパー／ｅ２／スカパー光／ＫＢＳ京都（録）
2012,Ｊ２ ,第１６節第２日,05/27(日),"
														13:03","
鳥取
","
2-5
","
横浜FC
","
														とりスタ","
														5,016",スカパー／ｅ２／スカパー光／ＮＨＫ鳥取
2012,Ｊ２ ,第１６節第２日,05/27(日),"
														13:03","
福岡
","
1-1
","
岡山
","
														レベスタ","
														4,090",スカパー／ｅ２／スカパー光
2012,Ｊ２ ,第１６節第２日,05/27(日),"
														13:04","
草津
","
0-0
","
松本
","
														正田スタ","
														5,074",スカパー／ｅ２／スカパー光／群馬テレビ
2012,Ｊ２ ,第１６節第２日,05/27(日),"
														13:05","
大分
","
0-2
","
千葉
","
														大銀ド","
														10,747",スカパー／ｅ２／スカパー光
2012,Ｊ２ ,第１６節第２日,05/27(日),"
														16:03","
栃木
","
3-2
","
東京Ｖ
","
														栃木グ","
														4,473",スカパー／ｅ２／スカパー光／とちぎテレビ（録）
2012,Ｊ２ ,第１６節第２日,05/27(日),"
														16:03","
熊本
","
2-1
","
山形
","
														熊本","
														3,248",スカパー／ｅ２／スカパー光
2012,Ｊ２ ,第１６節第２日,05/27(日),"
														16:04","
町田
","
0-0
","
水戸
","
														町田","
														3,642",スカパー／ｅ２／スカパー光
2012,Ｊ２ ,第１６節第２日,05/27(日),"
														16:04","
湘南
","
0-0
","
徳島
","
														ＢＭＷス","
														5,862",スカパー／ｅ２／スカパー光
2012,Ｊ２ ,第１６節第２日,05/27(日),"
														19:04","
愛媛
","
0-1
","
富山
","
														ニンスタ","
														3,910",スカパー／ｅ２／スカパー光
2012,Ｊ２ ,第１６節第２日,05/27(日),"
														19:05","
岐阜
","
0-3
","
甲府
","
														長良川","
														6,151",スカパー／ｅ２／スカパー光
2012,Ｊ２ ,第１７節第１日,06/01(金),"
														19:04","
徳島
","
1-0
","
町田
","
														鳴門大塚","
														2,960",スカパー／ｅ２／スカパー光
2012,Ｊ２ ,第１７節第２日,06/02(土),"
														13:03","
北九州
","
3-2
","
湘南
","
														本城","
														2,677",スカパー／ｅ２／スカパー光
2012,Ｊ２ ,第１７節第２日,06/02(土),"
														13:04","
水戸
","
3-1
","
栃木
","
														Ｋｓスタ","
														4,413",スカパー／ｅ２／スカパー光／ＮＨＫ水戸
2012,Ｊ２ ,第１７節第２日,06/02(土),"
														13:06","
富山
","
1-1
","
京都
","
														富山","
														3,452",スカパー／ｅ２／スカパー光
2012,Ｊ２ ,第１７節第２日,06/02(土),"
														14:03","
松本
","
1-1
","
甲府
","
														松本","
														12,341",スカパー／ｅ２／スカパー光／信越放送
2012,Ｊ２ ,第１７節第２日,06/02(土),"
														15:04","
草津
","
1-0
","
福岡
","
														正田スタ","
														2,616",スカパー／ｅ２／スカパー光／群馬テレビ
2012,Ｊ２ ,第１７節第２日,06/02(土),"
														16:03","
千葉
","
0-1
","
岐阜
","
														フクアリ","
														10,377",スカパー／ｅ２／スカパー光
2012,Ｊ２ ,第１７節第２日,06/02(土),"
														16:03","
岡山
","
1-1
","
愛媛
","
														カンスタ","
														9,045",スカパー／ｅ２／スカパー光
2012,Ｊ２ ,第１７節第２日,06/02(土),"
														16:04","
山形
","
5-1
","
鳥取
","
														ＮＤスタ","
														6,703",スカパー／ｅ２／スカパー光
2012,Ｊ２ ,第１７節第２日,06/02(土),"
														16:04","
横浜FC
","
2-0
","
熊本
","
														ニッパ球","
														5,509",スカパー／ｅ２／スカパー光
2012,Ｊ２ ,第１７節第２日,06/02(土),"
														17:03","
東京Ｖ
","
3-1
","
大分
","
														味スタ","
														3,670",スカパー／ｅ２／スカパー光
2012,Ｊ２ ,第１８節第１日,06/07(木),"
														19:03","
熊本
","
2-1
","
水戸
","
														熊本","
														3,127",スカパー／ｅ２／スカパー光
2012,Ｊ２ ,第１８節第２日,06/09(土),"
														13:03","
福岡
","
1-0
","
北九州
","
														レベスタ","
														8,741",スカパー／ｅ２／スカパー光
2012,Ｊ２ ,第１８節第２日,06/09(土),"
														13:04","
栃木
","
0-1
","
岡山
","
														栃木グ","
														1,901",スカパー／ｅ２／スカパー光／とちぎテレビ（録）
2012,Ｊ２ ,第１８節第２日,06/09(土),"
														13:04","
町田
","
0-2
","
草津
","
														町田","
														2,060",スカパー／ｅ２／スカパー光
2012,Ｊ２ ,第１８節第２日,06/09(土),"
														14:05","
京都
","
2-2
","
山形
","
														西京極","
														11,642",スカパー／ｅ２／スカパー光／ＮＨＫ京都／ＫＢＳ京都（録）
2012,Ｊ２ ,第１８節第２日,06/09(土),"
														14:05","
大分
","
2-0
","
松本
","
														大銀ド","
														8,019",スカパー／ｅ２（スカイ・Ａ　ｓｐｏｒｔｓ＋）／スカパー光
2012,Ｊ２ ,第１８節第２日,06/09(土),"
														16:03","
甲府
","
0-2
","
千葉
","
														中銀スタ","
														10,773",スカパー／ｅ２／スカパー光
2012,Ｊ２ ,第１８節第２日,06/09(土),"
														16:04","
湘南
","
1-0
","
富山
","
														ＢＭＷス","
														5,148",スカパー／ｅ２／スカパー光
2012,Ｊ２ ,第１８節第２日,06/09(土),"
														16:04","
徳島
","
1-2
","
横浜FC
","
														鳴門大塚","
														4,858",スカパー／ｅ２／スカパー光
2012,Ｊ２ ,第１８節第２日,06/09(土),"
														19:04","
岐阜
","
1-1
","
愛媛
","
														長良川","
														3,205",スカパー／ｅ２／スカパー光
2012,Ｊ２ ,第１８節第２日,06/09(土),"
														19:04","
鳥取
","
0-2
","
東京Ｖ
","
														とりスタ","
														3,508",スカパー／ｅ２／スカパー光
2012,Ｊ２ ,第１９節第１日,06/13(水),"
														19:03","
千葉
","
3-1
","
鳥取
","
														フクアリ","
														7,309",スカパー／ｅ２／スカパー光
2012,Ｊ２ ,第１９節第１日,06/13(水),"
														19:03","
東京Ｖ
","
4-1
","
岐阜
","
														国立","
														3,187",スカパー／ｅ２／スカパー光
2012,Ｊ２ ,第１９節第１日,06/13(水),"
														19:03","
横浜FC
","
0-1
","
大分
","
														ニッパ球","
														2,639",スカパー／ｅ２（スカイ・Ａ　ｓｐｏｒｔｓ＋）／スカパー光
2012,Ｊ２ ,第１９節第１日,06/13(水),"
														19:03","
松本
","
2-2
","
福岡
","
														松本","
														7,111",スカパー／ｅ２／スカパー光
2012,Ｊ２ ,第１９節第１日,06/13(水),"
														19:03","
岡山
","
2-1
","
町田
","
														カンスタ","
														5,916",スカパー／ｅ２／スカパー光
2012,Ｊ２ ,第１９節第１日,06/13(水),"
														19:03","
北九州
","
1-1
","
栃木
","
														本城","
														2,391",スカパー／ｅ２／スカパー光
2012,Ｊ２ ,第１９節第１日,06/13(水),"
														19:04","
山形
","
1-2
","
湘南
","
														ＮＤスタ","
														5,737",スカパー／ｅ２／スカパー光
2012,Ｊ２ ,第１９節第１日,06/13(水),"
														19:04","
水戸
","
1-3
","
甲府
","
														Ｋｓスタ","
														2,241",スカパー／ｅ２／スカパー光
2012,Ｊ２ ,第１９節第１日,06/13(水),"
														19:04","
草津
","
0-0
","
熊本
","
														正田スタ","
														1,333",スカパー／ｅ２／スカパー光
2012,Ｊ２ ,第１９節第１日,06/13(水),"
														19:04","
富山
","
0-1
","
徳島
","
														富山","
														2,344",スカパー／ｅ２／スカパー光
2012,Ｊ２ ,第１９節第１日,06/13(水),"
														19:04","
愛媛
","
2-1
","
京都
","
														ニンスタ","
														2,875",スカパー／ｅ２／スカパー光
2012,Ｊ２ ,第２０節第１日,06/17(日),"
														18:03","
栃木
","
3-4
","
横浜FC
","
														栃木グ","
														5,041",スカパー／ｅ２／スカパー光／とちぎテレビ
2012,Ｊ２ ,第２０節第１日,06/17(日),"
														18:03","
鳥取
","
0-1
","
松本
","
														とりスタ","
														2,712",スカパー／ｅ２／スカパー光
2012,Ｊ２ ,第２０節第１日,06/17(日),"
														18:03","
福岡
","
0-0
","
岐阜
","
														レベスタ","
														3,509",スカパー／ｅ２／スカパー光
2012,Ｊ２ ,第２０節第１日,06/17(日),"
														18:04","
町田
","
0-0
","
山形
","
														町田","
														3,225",スカパー／ｅ２／スカパー光
2012,Ｊ２ ,第２０節第１日,06/17(日),"
														18:04","
甲府
","
4-1
","
富山
","
														中銀スタ","
														9,562",スカパー／ｅ２／スカパー光
2012,Ｊ２ ,第２０節第１日,06/17(日),"
														18:04","
大分
","
1-0
","
水戸
","
														大銀ド","
														6,459",スカパー／ｅ２／スカパー光
2012,Ｊ２ ,第２０節第１日,06/17(日),"
														18:05","
東京Ｖ
","
2-1
","
千葉
","
														味スタ","
														6,933",スカパー／ｅ２（スカイ・Ａ　ｓｐｏｒｔｓ＋）／スカパー光
2012,Ｊ２ ,第２０節第１日,06/17(日),"
														18:34","
湘南
","
2-0
","
岡山
","
														ＢＭＷス","
														5,265",スカパー／ｅ２／スカパー光
2012,Ｊ２ ,第２０節第１日,06/17(日),"
														18:34","
徳島
","
3-0
","
愛媛
","
														鳴門大塚","
														7,526",スカパー／ｅ２／スカパー光
2012,Ｊ２ ,第２０節第１日,06/17(日),"
														19:03","
熊本
","
2-2
","
北九州
","
														熊本","
														4,572",スカパー／ｅ２／スカパー光
2012,Ｊ２ ,第２０節第１日,06/17(日),"
														19:04","
京都
","
0-1
","
草津
","
														西京極","
														7,628",スカパー／ｅ２／スカパー光／ＫＢＳ京都
2012,Ｊ２ ,第２１節第１日,06/24(日),"
														18:03","
横浜FC
","
1-1
","
福岡
","
														ニッパ球","
														8,436",スカパー／ｅ２／スカパー光
2012,Ｊ２ ,第２１節第１日,06/24(日),"
														18:03","
松本
","
0-2
","
栃木
","
														松本","
														9,048",スカパー／ｅ２／スカパー光
2012,Ｊ２ ,第２１節第１日,06/24(日),"
														18:03","
岡山
","
1-1
","
甲府
","
														カンスタ","
														7,623",スカパー／ｅ２／スカパー光
2012,Ｊ２ ,第２１節第１日,06/24(日),"
														18:03","
北九州
","
0-2
","
大分
","
														本城","
														2,129",スカパー／ｅ２／スカパー光
2012,Ｊ２ ,第２１節第１日,06/24(日),"
														18:04","
水戸
","
3-1
","
京都
","
														Ｋｓスタ","
														2,701",スカパー／ｅ２／スカパー光
2012,Ｊ２ ,第２１節第１日,06/24(日),"
														18:05","
岐阜
","
1-0
","
町田
","
														長良川","
														3,670",スカパー／ｅ２／スカパー光
2012,Ｊ２ ,第２１節第１日,06/24(日),"
														18:06","
富山
","
0-2
","
熊本
","
														富山","
														3,750",スカパー／ｅ２／スカパー光
2012,Ｊ２ ,第２１節第１日,06/24(日),"
														19:03","
千葉
","
1-1
","
湘南
","
														フクアリ","
														9,549",スカパー／ｅ２／スカパー光
2012,Ｊ２ ,第２１節第１日,06/24(日),"
														19:04","
山形
","
1-0
","
徳島
","
														ＮＤスタ","
														9,628",スカパー／ｅ２／スカパー光
2012,Ｊ２ ,第２１節第１日,06/24(日),"
														19:04","
愛媛
","
3-1
","
東京Ｖ
","
														ニンスタ","
														3,653",スカパー／ｅ２／スカパー光
2012,Ｊ２ ,第２１節第１日,06/24(日),"
														19:35","
草津
","
1-2
","
鳥取
","
														正田スタ","
														1,894",スカパー／ｅ２／スカパー光
2012,Ｊ２ ,第２２節第１日,07/01(日),"
														18:03","
栃木
","
1-0
","
山形
","
														栃木グ","
														3,770",スカパー／ｅ２／スカパー光
2012,Ｊ２ ,第２２節第１日,07/01(日),"
														18:03","
東京Ｖ
","
2-0
","
水戸
","
														味スタ","
														3,128",スカパー／ｅ２（スカイ・Ａ　ｓｐｏｒｔｓ＋）／スカパー光
2012,Ｊ２ ,第２２節第１日,07/01(日),"
														18:03","
甲府
","
0-0
","
岐阜
","
														中銀スタ","
														7,630",スカパー／ｅ２／スカパー光
2012,Ｊ２ ,第２２節第１日,07/01(日),"
														18:03","
鳥取
","
1-2
","
北九州
","
														とりスタ","
														2,313",スカパー／ｅ２／スカパー光
2012,Ｊ２ ,第２２節第１日,07/01(日),"
														18:03","
福岡
","
1-0
","
愛媛
","
														レベスタ","
														3,487",スカパー／ｅ２／スカパー光
2012,Ｊ２ ,第２２節第１日,07/01(日),"
														18:04","
町田
","
0-4
","
横浜FC
","
														町田","
														3,261",スカパー／ｅ２／スカパー光
2012,Ｊ２ ,第２２節第１日,07/01(日),"
														18:05","
大分
","
1-1
","
富山
","
														大銀ド","
														6,878",スカパー／ｅ２／スカパー光
2012,Ｊ２ ,第２２節第１日,07/01(日),"
														18:34","
湘南
","
1-1
","
松本
","
														ＢＭＷス","
														6,693",スカパー／ｅ２／スカパー光
2012,Ｊ２ ,第２２節第１日,07/01(日),"
														18:34","
徳島
","
0-0
","
草津
","
														鳴門大塚","
														4,132",スカパー／ｅ２／スカパー光
2012,Ｊ２ ,第２２節第１日,07/01(日),"
														19:03","
熊本
","
1-0
","
千葉
","
														熊本","
														4,326",スカパー／ｅ２／スカパー光
2012,Ｊ２ ,第２２節第１日,07/01(日),"
														19:04","
京都
","
1-1
","
岡山
","
														西京極","
														4,930",スカパー／ｅ２／スカパー光／ＫＢＳ京都
2012,Ｊ２ ,第２３節第１日,07/08(日),"
														18:03","
松本
","
3-2
","
東京Ｖ
","
														松本","
														10,092",スカパー／ｅ２／スカパー光
2012,Ｊ２ ,第２３節第１日,07/08(日),"
														18:03","
鳥取
","
0-2
","
栃木
","
														とりスタ","
														2,478",スカパー／ｅ２／スカパー光
2012,Ｊ２ ,第２３節第１日,07/08(日),"
														18:03","
岡山
","
0-1
","
横浜FC
","
														カンスタ","
														12,618",スカパー／ｅ２／スカパー光
2012,Ｊ２ ,第２３節第１日,07/08(日),"
														18:03","
福岡
","
1-3
","
徳島
","
														レベスタ","
														5,061",スカパー／ｅ２（スカイ・Ａ　ｓｐｏｒｔｓ＋）／スカパー光
2012,Ｊ２ ,第２３節第１日,07/08(日),"
														18:03","
北九州
","
2-0
","
愛媛
","
														本城","
														2,389",スカパー／ｅ２／スカパー光
2012,Ｊ２ ,第２３節第１日,07/08(日),"
														18:04","
水戸
","
1-1
","
湘南
","
														Ｋｓスタ","
														4,263",スカパー／ｅ２／スカパー光
2012,Ｊ２ ,第２３節第１日,07/08(日),"
														18:04","
町田
","
0-1
","
甲府
","
														町田","
														4,525",スカパー／ｅ２／スカパー光
2012,Ｊ２ ,第２３節第１日,07/08(日),"
														19:03","
千葉
","
3-2
","
京都
","
														フクアリ","
														8,657",スカパー／ｅ２／スカパー光
2012,Ｊ２ ,第２３節第１日,07/08(日),"
														19:04","
岐阜
","
0-2
","
熊本
","
														長良川","
														4,023",スカパー／ｅ２／スカパー光
2012,Ｊ２ ,第２３節第１日,07/08(日),"
														19:34","
草津
","
0-2
","
大分
","
														正田スタ","
														2,208",スカパー／ｅ２／スカパー光／群馬テレビ
2012,Ｊ２ ,第２３節第１日,07/08(日),"
														19:34","
富山
","
1-1
","
山形
","
														富山","
														2,835",スカパー／ｅ２／スカパー光
2012,Ｊ２ ,第２４節第１日,07/15(日),"
														18:03","
甲府
","
2-1
","
松本
","
														中銀スタ","
														14,150",スカパー／ｅ２／スカパー光
2012,Ｊ２ ,第２４節第１日,07/15(日),"
														18:03","
北九州
","
0-1
","
草津
","
														本城","
														2,894",スカパー／ｅ２／スカパー光
2012,Ｊ２ ,第２４節第１日,07/15(日),"
														18:04","
栃木
","
1-0
","
町田
","
														栃木グ","
														4,368",スカパー／ｅ２／スカパー光／とちぎテレビ
2012,Ｊ２ ,第２４節第１日,07/15(日),"
														18:04","
東京Ｖ
","
1-0
","
鳥取
","
														味スタ","
														4,151",スカパー／ｅ２／スカパー光
2012,Ｊ２ ,第２４節第１日,07/15(日),"
														18:05","
横浜FC
","
0-1
","
千葉
","
														ニッパ球","
														8,547",スカパー／ｅ２／スカパー光
2012,Ｊ２ ,第２４節第１日,07/15(日),"
														18:05","
大分
","
1-4
","
湘南
","
														大銀ド","
														10,137",スカパー／ｅ２／スカパー光
2012,Ｊ２ ,第２４節第１日,07/15(日),"
														19:04","
山形
","
3-1
","
福岡
","
														ＮＤスタ","
														11,275",スカパー／ｅ２／スカパー光
2012,Ｊ２ ,第２４節第１日,07/15(日),"
														19:04","
岐阜
","
2-2
","
富山
","
														長良川","
														6,313",スカパー／ｅ２／スカパー光
2012,Ｊ２ ,第２４節第１日,07/15(日),"
														19:04","
岡山
","
0-0
","
徳島
","
														カンスタ","
														9,457",スカパー／ｅ２／スカパー光
2012,Ｊ２ ,第２４節第１日,07/15(日),"
														19:04","
愛媛
","
1-1
","
水戸
","
														ニンスタ","
														3,180",スカパー／ｅ２／スカパー光
2012,Ｊ２ ,第２４節第１日,07/15(日),"
														19:05","
熊本
","
0-1
","
京都
","
														熊本","
														7,620",スカパー／ｅ２／スカパー光
2012,Ｊ２ ,第２５節第１日,07/22(日),"
														18:03","
横浜FC
","
3-1
","
鳥取
","
														ニッパ球","
														9,687",スカパー／ｅ２／スカパー光
2012,Ｊ２ ,第２５節第１日,07/22(日),"
														18:03","
松本
","
3-0
","
岡山
","
														松本","
														8,954",スカパー／ｅ２／スカパー光
2012,Ｊ２ ,第２５節第１日,07/22(日),"
														18:04","
水戸
","
4-2
","
福岡
","
														Ｋｓスタ","
														3,224",スカパー／ｅ２（スカイ・Ａ　ｓｐｏｒｔｓ＋）／スカパー光
2012,Ｊ２ ,第２５節第１日,07/22(日),"
														18:04","
東京Ｖ
","
2-0
","
熊本
","
														味スタ","
														4,160",スカパー／ｅ２／スカパー光
2012,Ｊ２ ,第２５節第１日,07/22(日),"
														18:04","
富山
","
1-2
","
栃木
","
														富山","
														3,044",スカパー／ｅ２／スカパー光
2012,Ｊ２ ,第２５節第１日,07/22(日),"
														18:05","
大分
","
2-2
","
岐阜
","
														大銀ド","
														8,871",スカパー／ｅ２／スカパー光
2012,Ｊ２ ,第２５節第１日,07/22(日),"
														18:34","
湘南
","
0-0
","
山形
","
														ＢＭＷス","
														8,271",スカパー／ｅ２／スカパー光
2012,Ｊ２ ,第２５節第１日,07/22(日),"
														18:34","
徳島
","
1-1
","
北九州
","
														鳴門大塚","
														5,021",スカパー／ｅ２／スカパー光
2012,Ｊ２ ,第２５節第１日,07/22(日),"
														19:03","
千葉
","
0-1
","
甲府
","
														フクアリ","
														11,508",スカパー／ｅ２／スカパー光
2012,Ｊ２ ,第２５節第１日,07/22(日),"
														19:04","
草津
","
1-1
","
町田
","
														正田スタ","
														6,868",スカパー／ｅ２／スカパー光
2012,Ｊ２ ,第２５節第１日,07/22(日),"
														19:04","
京都
","
2-1
","
愛媛
","
														西京極","
														5,434",スカパー／ｅ２／スカパー光／ＫＢＳ京都
2012,Ｊ２ ,第２６節第１日,07/29(日),"
														18:03","
栃木
","
1-0
","
水戸
","
														栃木グ","
														4,977",スカパー／ｅ２／スカパー光／とちぎテレビ
2012,Ｊ２ ,第２６節第１日,07/29(日),"
														18:03","
甲府
","
3-1
","
東京Ｖ
","
														中銀スタ","
														12,105",スカパー／ｅ２／スカパー光
2012,Ｊ２ ,第２６節第１日,07/29(日),"
														18:03","
鳥取
","
1-0
","
岐阜
","
														とりスタ","
														5,125",スカパー／ｅ２／スカパー光
2012,Ｊ２ ,第２６節第１日,07/29(日),"
														18:03","
福岡
","
0-3
","
草津
","
														レベスタ","
														6,037",スカパー／ｅ２／スカパー光
2012,Ｊ２ ,第２６節第１日,07/29(日),"
														18:04","
町田
","
1-2
","
京都
","
														町田","
														2,822",スカパー／ｅ２／スカパー光
2012,Ｊ２ ,第２６節第１日,07/29(日),"
														18:04","
富山
","
0-0
","
横浜FC
","
														富山","
														4,177",スカパー／ｅ２／スカパー光
2012,Ｊ２ ,第２６節第１日,07/29(日),"
														18:04","
愛媛
","
1-2
","
大分
","
														ニンスタ","
														3,502",スカパー／ｅ２／スカパー光
2012,Ｊ２ ,第２６節第１日,07/29(日),"
														18:34","
湘南
","
1-0
","
北九州
","
														ＢＭＷス","
														6,334",スカパー／ｅ２／スカパー光
2012,Ｊ２ ,第２６節第１日,07/29(日),"
														19:03","
岡山
","
0-1
","
千葉
","
														カンスタ","
														7,970",スカパー／ｅ２／スカパー光
2012,Ｊ２ ,第２６節第１日,07/29(日),"
														19:05","
山形
","
1-1
","
松本
","
														ＮＤスタ","
														11,132",スカパー／ｅ２／スカパー光
2012,Ｊ２ ,第２６節第１日,07/29(日),"
														19:05","
熊本
","
0-3
","
徳島
","
														熊本","
														6,940",スカパー／ｅ２／スカパー光
2012,Ｊ２ ,第２７節第１日,08/05(日),"
														18:03","
横浜FC
","
1-0
","
湘南
","
														ニッパ球","
														7,616",スカパー／ｅ２／スカパー光
2012,Ｊ２ ,第２７節第１日,08/05(日),"
														18:03","
北九州
","
1-1
","
町田
","
														本城","
														2,384",スカパー／ｅ２／スカパー光
2012,Ｊ２ ,第２７節第１日,08/05(日),"
														18:04","
水戸
","
2-2
","
山形
","
														Ｋｓスタ","
														4,213",スカパー／ｅ２／スカパー光
2012,Ｊ２ ,第２７節第１日,08/05(日),"
														18:04","
東京Ｖ
","
1-0
","
富山
","
														味スタ","
														3,504",スカパー／ｅ２／スカパー光
2012,Ｊ２ ,第２７節第１日,08/05(日),"
														18:04","
岐阜
","
0-3
","
福岡
","
														長良川","
														8,492",スカパー／ｅ２／スカパー光
2012,Ｊ２ ,第２７節第１日,08/05(日),"
														18:05","
松本
","
1-1
","
愛媛
","
														松本","
														10,642",スカパー／ｅ２／スカパー光
2012,Ｊ２ ,第２７節第１日,08/05(日),"
														18:34","
徳島
","
0-4
","
大分
","
														鳴門大塚","
														4,101",スカパー／ｅ２／スカパー光
2012,Ｊ２ ,第２７節第１日,08/05(日),"
														19:03","
千葉
","
0-0
","
栃木
","
														フクアリ","
														8,607",スカパー／ｅ２／スカパー光
2012,Ｊ２ ,第２７節第１日,08/05(日),"
														19:03","
岡山
","
2-0
","
熊本
","
														カンスタ","
														7,306",スカパー／ｅ２／スカパー光
2012,Ｊ２ ,第２７節第１日,08/05(日),"
														19:04","
草津
","
1-2
","
甲府
","
														正田スタ","
														3,622",スカパー／ｅ２／スカパー光／群馬テレビ（録）
2012,Ｊ２ ,第２７節第１日,08/05(日),"
														19:05","
京都
","
3-1
","
鳥取
","
														西京極","
														5,041",スカパー／ｅ２／スカパー光／ＫＢＳ京都
2012,Ｊ２ ,第２８節第１日,08/12(日),"
														18:03","
甲府
","
1-0
","
水戸
","
														中銀スタ","
														11,342",スカパー／ｅ２／スカパー光
2012,Ｊ２ ,第２８節第１日,08/12(日),"
														18:03","
福岡
","
1-3
","
湘南
","
														レベスタ","
														7,009",スカパー／ｅ２／スカパー光
2012,Ｊ２ ,第２８節第１日,08/12(日),"
														18:04","
東京Ｖ
","
0-1
","
京都
","
														味スタ","
														4,824",スカパー／ｅ２／スカパー光
2012,Ｊ２ ,第２８節第１日,08/12(日),"
														18:04","
富山
","
1-2
","
松本
","
														富山","
														6,549",スカパー／ｅ２／スカパー光
2012,Ｊ２ ,第２８節第１日,08/12(日),"
														18:05","
大分
","
0-1
","
北九州
","
														大銀ド","
														8,941",スカパー／ｅ２／スカパー光
2012,Ｊ２ ,第２８節第１日,08/12(日),"
														19:03","
千葉
","
0-1
","
町田
","
														フクアリ","
														9,071",スカパー／ｅ２／スカパー光
2012,Ｊ２ ,第２８節第１日,08/12(日),"
														19:03","
鳥取
","
0-2
","
岡山
","
														とりスタ","
														6,629",スカパー／ｅ２／スカパー光
2012,Ｊ２ ,第２８節第１日,08/12(日),"
														19:04","
山形
","
0-1
","
横浜FC
","
														ＮＤスタ","
														10,240",スカパー／ｅ２／スカパー光
2012,Ｊ２ ,第２８節第１日,08/12(日),"
														19:04","
草津
","
1-1
","
岐阜
","
														熊谷陸","
														2,272",スカパー／ｅ２／スカパー光
2012,Ｊ２ ,第２８節第１日,08/12(日),"
														19:04","
愛媛
","
1-2
","
徳島
","
														ニンスタ","
														6,612",スカパー／ｅ２／スカパー光
2012,Ｊ２ ,第２８節第１日,08/12(日),"
														19:04","
熊本
","
3-0
","
栃木
","
														熊本","
														4,526",スカパー／ｅ２／スカパー光
2012,Ｊ２ ,第２９節第１日,08/19(日),"
														18:03","
栃木
","
0-0
","
草津
","
														栃木グ","
														4,868",スカパー／ｅ２／スカパー光／とちぎテレビ
2012,Ｊ２ ,第２９節第１日,08/19(日),"
														18:03","
松本
","
0-0
","
熊本
","
														松本","
														11,142",スカパー／ｅ２／スカパー光
2012,Ｊ２ ,第２９節第１日,08/19(日),"
														18:03","
鳥取
","
2-1
","
千葉
","
														とりスタ","
														3,263",スカパー／ｅ２／スカパー光
2012,Ｊ２ ,第２９節第１日,08/19(日),"
														18:03","
北九州
","
4-2
","
福岡
","
														本城","
														7,637",スカパー／ｅ２／スカパー光
2012,Ｊ２ ,第２９節第１日,08/19(日),"
														18:04","
町田
","
1-0
","
徳島
","
														町田","
														2,853",スカパー／ｅ２／スカパー光
2012,Ｊ２ ,第２９節第１日,08/19(日),"
														18:34","
湘南
","
1-1
","
東京Ｖ
","
														ＢＭＷス","
														9,370",スカパー／ｅ２／スカパー光
2012,Ｊ２ ,第２９節第１日,08/19(日),"
														19:04","
水戸
","
2-1
","
大分
","
														Ｋｓスタ","
														3,975",スカパー／ｅ２／スカパー光
2012,Ｊ２ ,第２９節第１日,08/19(日),"
														19:04","
岐阜
","
1-2
","
岡山
","
														長良川球","
														2,434",スカパー／ｅ２／スカパー光
2012,Ｊ２ ,第２９節第１日,08/19(日),"
														19:04","
京都
","
2-1
","
横浜FC
","
														西京極","
														10,464",スカパー／ｅ２／スカパー光／ＫＢＳ京都
2012,Ｊ２ ,第２９節第１日,08/19(日),"
														19:04","
愛媛
","
1-2
","
山形
","
														ニンスタ","
														3,457",スカパー／ｅ２／スカパー光
2012,Ｊ２ ,第２９節第１日,08/19(日),"
														19:34","
富山
","
1-1
","
甲府
","
														富山","
														3,034",スカパー／ｅ２／スカパー光
2012,Ｊ２ ,第３０節第１日,08/22(水),"
														18:05","
岐阜
","
0-0
","
千葉
","
														長良川","
														3,932",スカパー／ｅ２／スカパー光
2012,Ｊ２ ,第３０節第１日,08/22(水),"
														19:03","
栃木
","
1-0
","
愛媛
","
														栃木グ","
														2,820",スカパー／ｅ２／スカパー光
2012,Ｊ２ ,第３０節第１日,08/22(水),"
														19:03","
横浜FC
","
2-1
","
水戸
","
														ニッパ球","
														3,752",スカパー／ｅ２／スカパー光
2012,Ｊ２ ,第３０節第１日,08/22(水),"
														19:04","
町田
","
0-0
","
鳥取
","
														町田","
														2,592",スカパー／ｅ２／スカパー光
2012,Ｊ２ ,第３０節第１日,08/22(水),"
														19:04","
甲府
","
0-0
","
山形
","
														中銀スタ","
														10,092",スカパー／ｅ２／スカパー光
2012,Ｊ２ ,第３０節第１日,08/22(水),"
														19:04","
京都
","
0-1
","
松本
","
														西京極","
														6,741",スカパー／ｅ２／スカパー光／ＫＢＳ京都
2012,Ｊ２ ,第３０節第１日,08/22(水),"
														19:04","
岡山
","
1-1
","
北九州
","
														カンスタ","
														8,172",スカパー／ｅ２／スカパー光
2012,Ｊ２ ,第３０節第１日,08/22(水),"
														19:04","
徳島
","
0-0
","
湘南
","
														鳴門大塚","
														3,158",スカパー／ｅ２／スカパー光
2012,Ｊ２ ,第３０節第１日,08/22(水),"
														19:04","
熊本
","
1-1
","
草津
","
														熊本","
														3,809",スカパー／ｅ２／スカパー光
2012,Ｊ２ ,第３０節第１日,08/22(水),"
														19:05","
大分
","
2-1
","
東京Ｖ
","
														大銀ド","
														7,007",スカパー／ｅ２／スカパー光
2012,Ｊ２ ,第３０節第１日,08/22(水),"
														20:00","
福岡
","
3-2
","
富山
","
														レベスタ","
														3,282",スカパー／ｅ２／スカパー光
2012,Ｊ２ ,第３１節第１日,08/26(日),"
														18:03","
甲府
","
2-1
","
横浜FC
","
														中銀スタ","
														11,875",スカパー／ｅ２（スカイ・Ａ　ｓｐｏｒｔｓ＋）／スカパー光
2012,Ｊ２ ,第３１節第１日,08/26(日),"
														18:03","
鳥取
","
0-3
","
徳島
","
														とりスタ","
														2,842",スカパー／ｅ２／スカパー光
2012,Ｊ２ ,第３１節第１日,08/26(日),"
														18:04","
東京Ｖ
","
0-2
","
北九州
","
														味フィ西","
														3,088",スカパー／ｅ２／スカパー光
2012,Ｊ２ ,第３１節第１日,08/26(日),"
														18:04","
愛媛
","
0-0
","
岐阜
","
														ニンスタ","
														3,109",スカパー／ｅ２／スカパー光
2012,Ｊ２ ,第３１節第１日,08/26(日),"
														18:34","
湘南
","
2-1
","
栃木
","
														ＢＭＷス","
														7,129",スカパー／ｅ２／スカパー光
2012,Ｊ２ ,第３１節第１日,08/26(日),"
														19:03","
千葉
","
3-0
","
水戸
","
														フクアリ","
														7,811",スカパー／ｅ２／スカパー光
2012,Ｊ２ ,第３１節第１日,08/26(日),"
														19:03","
岡山
","
0-0
","
大分
","
														カンスタ","
														9,237",スカパー／ｅ２／スカパー光
2012,Ｊ２ ,第３１節第１日,08/26(日),"
														19:03","
福岡
","
2-2
","
松本
","
														レベスタ","
														6,576",スカパー／ｅ２／スカパー光
2012,Ｊ２ ,第３１節第１日,08/26(日),"
														19:04","
山形
","
3-1
","
町田
","
														ＮＤスタ","
														6,514",スカパー／ｅ２／スカパー光
2012,Ｊ２ ,第３１節第１日,08/26(日),"
														19:04","
草津
","
1-0
","
京都
","
														熊谷陸","
														2,844",スカパー／ｅ２／スカパー光
2012,Ｊ２ ,第３１節第１日,08/26(日),"
														19:06","
熊本
","
3-0
","
富山
","
														熊本","
														10,530",スカパー／ｅ２／スカパー光
2012,Ｊ２ ,第３２節第１日,09/02(日),"
														18:03","
松本
","
0-2
","
草津
","
														松本","
														11,634",スカパー／ｅ２／スカパー光
2012,Ｊ２ ,第３２節第１日,09/02(日),"
														18:03","
北九州
","
2-0
","
熊本
","
														本城","
														4,794",スカパー／ｅ２／スカパー光
2012,Ｊ２ ,第３２節第１日,09/02(日),"
														18:04","
水戸
","
2-0
","
鳥取
","
														Ｋｓスタ","
														3,263",スカパー／ｅ２／スカパー光
2012,Ｊ２ ,第３２節第１日,09/02(日),"
														18:04","
町田
","
2-2
","
岡山
","
														町田","
														2,170",スカパー／ｅ２／スカパー光
2012,Ｊ２ ,第３２節第１日,09/02(日),"
														18:04","
富山
","
1-0
","
愛媛
","
														富山","
														3,543",スカパー／ｅ２／スカパー光
2012,Ｊ２ ,第３２節第１日,09/02(日),"
														18:05","
大分
","
1-2
","
甲府
","
														大銀ド","
														23,617",スカパー／ｅ２／スカパー光
2012,Ｊ２ ,第３２節第１日,09/02(日),"
														18:30","
横浜FC
","
1-3
","
栃木
","
														ニッパ球","
														5,758",スカパー／ｅ２／スカパー光
2012,Ｊ２ ,第３２節第１日,09/02(日),"
														18:34","
徳島
","
2-2
","
山形
","
														鳴門大塚","
														4,207",スカパー／ｅ２／スカパー光
2012,Ｊ２ ,第３２節第１日,09/02(日),"
														19:03","
千葉
","
2-1
","
福岡
","
														フクアリ","
														7,194",スカパー／ｅ２／スカパー光
2012,Ｊ２ ,第３２節第１日,09/02(日),"
														19:04","
京都
","
1-2
","
湘南
","
														西京極","
														6,248",スカパー／ｅ２／スカパー光／ＫＢＳ京都
2012,Ｊ２ ,第３２節第１日,09/02(日),"
														19:05","
岐阜
","
1-0
","
東京Ｖ
","
														長良川","
														4,849",スカパー／ｅ２／スカパー光
2012,Ｊ２ ,第３３節第１日,09/14(金),"
														19:03","
甲府
","
1-0
","
岡山
","
														中銀スタ","
														9,045",スカパー／ｅ２／スカパー光
2012,Ｊ２ ,第３３節第１日,09/14(金),"
														19:03","
松本
","
3-0
","
町田
","
														松本","
														7,207",スカパー／ｅ２／スカパー光
2012,Ｊ２ ,第３３節第１日,09/14(金),"
														19:03","
北九州
","
2-1
","
岐阜
","
														本城","
														2,853",スカパー／ｅ２／スカパー光
2012,Ｊ２ ,第３３節第１日,09/14(金),"
														19:04","
水戸
","
2-0
","
熊本
","
														Ｋｓスタ","
														2,321",スカパー／ｅ２／スカパー光
2012,Ｊ２ ,第３３節第１日,09/14(金),"
														19:04","
栃木
","
1-1
","
徳島
","
														栃木グ","
														2,633",スカパー／ｅ２／スカパー光
2012,Ｊ２ ,第３３節第１日,09/14(金),"
														19:04","
東京Ｖ
","
1-1
","
福岡
","
														味フィ西","
														2,875",スカパー／ｅ２／スカパー光
2012,Ｊ２ ,第３３節第１日,09/14(金),"
														19:04","
湘南
","
2-0
","
草津
","
														ＢＭＷス","
														6,346",スカパー／ｅ２／スカパー光
2012,Ｊ２ ,第３３節第１日,09/14(金),"
														19:04","
富山
","
2-0
","
千葉
","
														富山","
														3,161",スカパー／ｅ２／スカパー光
2012,Ｊ２ ,第３３節第１日,09/14(金),"
														19:04","
愛媛
","
0-1
","
横浜FC
","
														ニンスタ","
														3,015",スカパー／ｅ２（スカイ・Ａ　ｓｐｏｒｔｓ＋）／スカパー光
2012,Ｊ２ ,第３３節第１日,09/14(金),"
														19:05","
大分
","
2-0
","
京都
","
														大銀ド","
														6,534",スカパー／ｅ２／スカパー光
2012,Ｊ２ ,第３３節第１日,09/14(金),"
														19:33","
鳥取
","
2-1
","
山形
","
														とりスタ","
														2,617",スカパー／ｅ２／スカパー光
2012,Ｊ２ ,第３４節第１日,09/17(月・祝),"
														13:03","
千葉
","
0-3
","
北九州
","
														フクアリ","
														7,845",スカパー／ｅ２／スカパー光
2012,Ｊ２ ,第３４節第１日,09/17(月・祝),"
														13:04","
横浜FC
","
1-1
","
松本
","
														ニッパ球","
														7,048",スカパー／ｅ２／スカパー光
2012,Ｊ２ ,第３４節第１日,09/17(月・祝),"
														14:03","
岡山
","
3-1
","
湘南
","
														カンスタ","
														7,155",スカパー／ｅ２（スカイ・Ａ　ｓｐｏｒｔｓ＋）／スカパー光／山陽放送
2012,Ｊ２ ,第３４節第１日,09/17(月・祝),"
														14:04","
山形
","
1-2
","
京都
","
														ＮＤスタ","
														7,513",スカパー／ｅ２／スカパー光／山形テレビ
2012,Ｊ２ ,第３４節第１日,09/17(月・祝),"
														15:04","
東京Ｖ
","
3-0
","
愛媛
","
														駒沢","
														3,893",スカパー／ｅ２／スカパー光
2012,Ｊ２ ,第３４節第１日,09/17(月・祝),"
														16:04","
甲府
","
1-1
","
鳥取
","
														中銀スタ","
														10,241",スカパー／ｅ２／スカパー光
2012,Ｊ２ ,第３４節第１日,09/17(月・祝),"
														16:05","
熊本
","
2-1
","
大分
","
														熊本","
														9,645",スカパー／ｅ２／スカパー光
2012,Ｊ２ ,第３４節第１日,09/17(月・祝),"
														18:34","
徳島
","
1-2
","
水戸
","
														鳴門大塚","
														1,933",スカパー／ｅ２／スカパー光
2012,Ｊ２ ,第３４節第１日,09/17(月・祝),"
														19:03","
福岡
","
1-1
","
町田
","
														レベスタ","
														3,092",スカパー／ｅ２／スカパー光
2012,Ｊ２ ,第３４節第１日,09/17(月・祝),"
														19:04","
岐阜
","
1-0
","
栃木
","
														長良川球","
														1,791",スカパー／ｅ２／スカパー光
2012,Ｊ２ ,第３４節第１日,09/17(月・祝),"
														19:34","
草津
","
0-1
","
富山
","
														正田スタ","
														2,949",スカパー／ｅ２／スカパー光
2012,Ｊ２ ,第３５節第１日,09/23(日),"
														13:03","
北九州
","
2-3
","
甲府
","
														本城","
														3,254",スカパー／ｅ２／スカパー光
2012,Ｊ２ ,第３５節第１日,09/23(日),"
														13:04","
松本
","
7-1
","
鳥取
","
														松本","
														6,466",スカパー／ｅ２／スカパー光
2012,Ｊ２ ,第３５節第１日,09/23(日),"
														13:04","
大分
","
0-1
","
栃木
","
														大銀ド","
														9,027",スカパー／ｅ２／スカパー光
2012,Ｊ２ ,第３５節第１日,09/23(日),"
														14:04","
横浜FC
","
1-0
","
徳島
","
														福島","
														5,173",スカパー／ｅ２／スカパー光
2012,Ｊ２ ,第３５節第１日,09/23(日),"
														15:04","
熊本
","
3-1
","
福岡
","
														熊本","
														8,152",スカパー／ｅ２／スカパー光
2012,Ｊ２ ,第３５節第１日,09/23(日),"
														16:03","
千葉
","
2-2
","
東京Ｖ
","
														フクアリ","
														8,514",スカパー／ｅ２／スカパー光
2012,Ｊ２ ,第３５節第１日,09/23(日),"
														16:04","
草津
","
3-1
","
山形
","
														正田スタ","
														2,257",スカパー／ｅ２／スカパー光／群馬テレビ（録）
2012,Ｊ２ ,第３５節第１日,09/23(日),"
														18:04","
町田
","
3-2
","
富山
","
														町田","
														1,860",スカパー／ｅ２／スカパー光
2012,Ｊ２ ,第３５節第１日,09/23(日),"
														19:04","
岐阜
","
3-2
","
湘南
","
														長良川球","
														3,016",スカパー／ｅ２／スカパー光
2012,Ｊ２ ,第３５節第１日,09/23(日),"
														19:04","
京都
","
4-1
","
水戸
","
														西京極","
														7,478",スカパー／ｅ２／スカパー光／ＫＢＳ京都（録）
2012,Ｊ２ ,第３５節第１日,09/23(日),"
														19:04","
愛媛
","
1-0
","
岡山
","
														ニンスタ","
														3,769",スカパー／ｅ２／スカパー光／テレビ愛媛（録）
2012,Ｊ２ ,第３６節第１日,09/30(日),"
														13:03","
栃木
","
1-2
","
甲府
","
														栃木グ","
														5,156",スカパー／ｅ２／スカパー光／とちぎテレビ（録）
2012,Ｊ２ ,第３６節第１日,09/30(日),"
														13:03","
鳥取
","
2-0
","
草津
","
														とりスタ","
														1,363",スカパー／ｅ２／スカパー光／日本海テレビ
2012,Ｊ２ ,第３６節第１日,09/30(日),"
														13:05","
水戸
","
3-1
","
北九州
","
														Ｋｓスタ","
														6,023",スカパー／ｅ２／スカパー光／ＮＨＫ水戸
2012,Ｊ２ ,第３６節第１日,09/30(日),"
														14:06","
町田
","
1-3
","
大分
","
														町田","
														2,859",スカパー／ｅ２（スカイ・Ａ　ｓｐｏｒｔｓ＋）／スカパー光
2012,Ｊ２ ,第３６節第１日,09/30(日),"
														15:03","
福岡
","
1-1
","
横浜FC
","
														レベスタ","
														10,902",スカパー／ｅ２／スカパー光
2012,Ｊ２ ,第３６節第１日,09/30(日),"
														16:04","
山形
","
1-1
","
東京Ｖ
","
														ＮＤスタ","
														6,945",スカパー／ｅ２／スカパー光
2012,Ｊ２ ,第３６節第１日,09/30(日),"
														16:04","
愛媛
","
2-2
","
千葉
","
														ニンスタ","
														2,792",スカパー／ｅ２／スカパー光
2012,Ｊ２ ,第３６節第１日,09/30(日),"
														18:04","
富山
","
1-1
","
岡山
","
														富山","
														2,619",スカパー／ｅ２／スカパー光
2012,Ｊ２ ,第３６節第２日,10/01(月),"
														19:04","
湘南
","
1-2
","
熊本
","
														ＢＭＷス","
														3,986",スカパー！
2012,Ｊ２ ,第３７節第１日,10/06(土),"
														14:03","
岡山
","
2-1
","
福岡
","
														津山","
														3,946",スカパー！／スカパー！プレミアムサービス
2012,Ｊ２ ,第３７節第２日,10/07(日),"
														13:03","
栃木
","
1-2
","
京都
","
														栃木グ","
														4,055",スカパー！／スカパー！プレミアムサービス／ＮＨＫ宇都宮／とちぎテレビ（録）
2012,Ｊ２ ,第３７節第２日,10/07(日),"
														13:03","
北九州
","
0-1
","
松本
","
														本城","
														3,292",スカパー！／スカパー！プレミアムサービス
2012,Ｊ２ ,第３７節第２日,10/07(日),"
														13:04","
富山
","
2-1
","
鳥取
","
														富山","
														4,434",スカパー！／スカパー！プレミアムサービス
2012,Ｊ２ ,第３７節第２日,10/07(日),"
														13:05","
大分
","
1-2
","
横浜FC
","
														大銀ド","
														10,138",スカパー！／スカパー！プレミアムサービス
2012,Ｊ２ ,第３７節第２日,10/07(日),"
														14:04","
甲府
","
3-2
","
徳島
","
														中銀スタ","
														10,741",スカパー！／スカパー！プレミアムサービス／ＮＨＫ甲府
2012,Ｊ２ ,第３７節第２日,10/07(日),"
														16:03","
千葉
","
2-0
","
草津
","
														フクアリ","
														8,381",スカパー！／スカパー！プレミアムサービス
2012,Ｊ２ ,第３７節第２日,10/07(日),"
														16:04","
東京Ｖ
","
1-1
","
町田
","
														味スタ","
														8,645",スカパー！／スカパー！プレミアムサービス
2012,Ｊ２ ,第３７節第２日,10/07(日),"
														16:04","
湘南
","
0-0
","
愛媛
","
														ＢＭＷス","
														5,938",スカパー！／スカパー！プレミアムサービス
2012,Ｊ２ ,第３７節第２日,10/07(日),"
														18:04","
山形
","
0-2
","
熊本
","
														ＮＤスタ","
														6,541",スカパー！／スカパー！プレミアムサービス
2012,Ｊ２ ,第３７節第２日,10/07(日),"
														19:04","
水戸
","
1-1
","
岐阜
","
														Ｋｓスタ","
														3,403",スカパー！／スカパー！プレミアムサービス
2012,Ｊ２ ,第３８節第１日,10/14(日),"
														13:03","
岡山
","
2-0
","
東京Ｖ
","
														カンスタ","
														8,798",スカパー！／スカパー！プレミアムサービス／岡山放送
2012,Ｊ２ ,第３８節第１日,10/14(日),"
														13:04","
草津
","
0-0
","
水戸
","
														正田スタ","
														3,320",スカパー！／スカパー！プレミアムサービス／群馬テレビ
2012,Ｊ２ ,第３８節第１日,10/14(日),"
														13:04","
横浜FC
","
1-2
","
北九州
","
														ニッパ球","
														5,543",スカパー！／スカパー！プレミアムサービス
2012,Ｊ２ ,第３８節第１日,10/14(日),"
														15:04","
甲府
","
2-2
","
湘南
","
														中銀スタ","
														16,643",スカパー！／スカパー！プレミアムサービス／山梨放送
2012,Ｊ２ ,第３８節第１日,10/14(日),"
														16:03","
千葉
","
1-2
","
大分
","
														フクアリ","
														11,966",スカパー！／スカパー！プレミアムサービス
2012,Ｊ２ ,第３８節第１日,10/14(日),"
														16:03","
松本
","
1-1
","
徳島
","
														松本","
														9,361",スカパー！／スカパー！プレミアムサービス
2012,Ｊ２ ,第３８節第１日,10/14(日),"
														16:04","
京都
","
0-1
","
富山
","
														西京極","
														9,046",スカパー！／スカパー！プレミアムサービス／ＫＢＳ京都（録）
2012,Ｊ２ ,第３８節第１日,10/14(日),"
														18:04","
熊本
","
2-1
","
町田
","
														熊本","
														7,127",スカパー！／スカパー！プレミアムサービス
2012,Ｊ２ ,第３８節第１日,10/14(日),"
														19:03","
福岡
","
1-1
","
栃木
","
														レベスタ","
														3,721",スカパー！／スカパー！プレミアムサービス
2012,Ｊ２ ,第３８節第１日,10/14(日),"
														19:04","
岐阜
","
0-0
","
山形
","
														長良川球","
														2,797",スカパー！／スカパー！プレミアムサービス／名古屋テレビ（録）
2012,Ｊ２ ,第３８節第１日,10/14(日),"
														19:04","
愛媛
","
0-0
","
鳥取
","
														ニンスタ","
														3,865",スカパー！／スカパー！プレミアムサービス
2012,Ｊ２ ,第３６節第３日,10/18(木),"
														19:03","
松本
","
1-0
","
岐阜
","
														松本","
														6,061",スカパー！
2012,Ｊ２ ,第３９節第１日,10/21(日),"
														13:03","
福岡
","
2-3
","
甲府
","
														レベスタ","
														6,144",スカパー！／スカパー！プレミアムサービス／ＮＨＫ福岡
2012,Ｊ２ ,第３９節第１日,10/21(日),"
														13:04","
山形
","
1-0
","
北九州
","
														ＮＤスタ","
														5,408",スカパー！／スカパー！プレミアムサービス／ＮＨＫ山形／ＮＨＫ北九州
2012,Ｊ２ ,第３９節第１日,10/21(日),"
														13:05","
京都
","
3-1
","
岐阜
","
														西京極","
														10,275",スカパー！／スカパー！プレミアムサービス／ＮＨＫ京都／ＫＢＳ京都（録）
2012,Ｊ２ ,第３９節第１日,10/21(日),"
														13:05","
熊本
","
0-1
","
横浜FC
","
														水前寺","
														6,585",スカパー！／スカパー！プレミアムサービス／熊本県民テレビ
2012,Ｊ２ ,第３９節第１日,10/21(日),"
														16:03","
松本
","
2-1
","
水戸
","
														松本","
														10,751",スカパー！／スカパー！プレミアムサービス
2012,Ｊ２ ,第３９節第１日,10/21(日),"
														16:04","
東京Ｖ
","
4-1
","
栃木
","
														味スタ","
														5,264",スカパー！／スカパー！プレミアムサービス
2012,Ｊ２ ,第３９節第１日,10/21(日),"
														16:04","
町田
","
2-4
","
愛媛
","
														町田","
														2,883",スカパー！／スカパー！プレミアムサービス
2012,Ｊ２ ,第３９節第１日,10/21(日),"
														16:04","
湘南
","
1-1
","
千葉
","
														ＢＭＷス","
														10,918",スカパー！／スカパー！プレミアムサービス
2012,Ｊ２ ,第３９節第１日,10/21(日),"
														18:04","
徳島
","
3-0
","
富山
","
														鳴門大塚","
														3,173",スカパー！／スカパー！プレミアムサービス
2012,Ｊ２ ,第３９節第１日,10/21(日),"
														19:03","
鳥取
","
1-0
","
大分
","
														とりスタ","
														3,564",スカパー！／スカパー！プレミアムサービス
2012,Ｊ２ ,第３９節第１日,10/21(日),"
														19:04","
草津
","
1-0
","
岡山
","
														正田スタ","
														1,887",スカパー！／スカパー！プレミアムサービス
2012,Ｊ２ ,第３６節第４日,10/25(木),"
														19:04","
徳島
","
2-4
","
京都
","
														鳴門大塚","
														2,372",スカパー！
2012,Ｊ２ ,第４０節第１日,10/28(日),"
														13:04","
山形
","
0-2
","
千葉
","
														ＮＤスタ","
														7,143",スカパー！／スカパー！プレミアムサービス／ＮＨＫ山形
2012,Ｊ２ ,第４０節第１日,10/28(日),"
														13:04","
水戸
","
0-0
","
岡山
","
														Ｋｓスタ","
														3,034",スカパー！／スカパー！プレミアムサービス／ＮＨＫ水戸
2012,Ｊ２ ,第４０節第１日,10/28(日),"
														13:04","
町田
","
1-0
","
岐阜
","
														町田","
														2,618",スカパー！／スカパー！プレミアムサービス
2012,Ｊ２ ,第４０節第１日,10/28(日),"
														13:05","
大分
","
1-0
","
福岡
","
														大銀ド","
														10,617",スカパー！／スカパー！プレミアムサービス
2012,Ｊ２ ,第４０節第１日,10/28(日),"
														15:04","
徳島
","
2-1
","
東京Ｖ
","
														鳴門大塚","
														4,152",スカパー！／スカパー！プレミアムサービス
2012,Ｊ２ ,第４０節第１日,10/28(日),"
														16:03","
鳥取
","
0-1
","
熊本
","
														とりスタ","
														3,120",スカパー！／スカパー！プレミアムサービス
2012,Ｊ２ ,第４０節第１日,10/28(日),"
														16:03","
北九州
","
2-0
","
京都
","
														本城","
														3,916",スカパー！／スカパー！プレミアムサービス
2012,Ｊ２ ,第４０節第１日,10/28(日),"
														16:04","
富山
","
0-2
","
湘南
","
														富山","
														3,205",スカパー！／スカパー！プレミアムサービス
2012,Ｊ２ ,第４０節第１日,10/28(日),"
														18:05","
横浜FC
","
3-0
","
草津
","
														ニッパ球","
														4,899",スカパー！／スカパー！プレミアムサービス
2012,Ｊ２ ,第４０節第１日,10/28(日),"
														19:03","
栃木
","
3-2
","
松本
","
														栃木グ","
														3,840",スカパー！／スカパー！プレミアムサービス／とちぎテレビ（録）
2012,Ｊ２ ,第４０節第１日,10/28(日),"
														19:04","
愛媛
","
0-0
","
甲府
","
														ニンスタ","
														3,380",スカパー！／スカパー！プレミアムサービス
2012,Ｊ２ ,第４１節第１日,11/04(日),"
														13:03","
北九州
","
1-0
","
富山
","
														本城","
														4,116",スカパー！／スカパー！プレミアムサービス
2012,Ｊ２ ,第４１節第１日,11/04(日),"
														13:04","
水戸
","
1-1
","
町田
","
														Ｋｓスタ","
														6,920",スカパー！／スカパー！プレミアムサービス
2012,Ｊ２ ,第４１節第１日,11/04(日),"
														13:04","
甲府
","
2-0
","
熊本
","
														中銀スタ","
														13,050",スカパー！／スカパー！プレミアムサービス／ＮＨＫ甲府
2012,Ｊ２ ,第４１節第１日,11/04(日),"
														13:04","
岡山
","
2-1
","
栃木
","
														カンスタ","
														10,640",スカパー！／スカパー！プレミアムサービス／ＮＨＫ岡山／ＮＨＫ宇都宮
2012,Ｊ２ ,第４１節第１日,11/04(日),"
														13:05","
大分
","
3-0
","
山形
","
														大銀ド","
														17,028",スカパー！／スカパー！プレミアムサービス
2012,Ｊ２ ,第４１節第１日,11/04(日),"
														15:05","
岐阜
","
0-0
","
徳島
","
														長良川","
														11,119",スカパー！／スカパー！プレミアムサービス／ＮＨＫ岐阜／ＮＨＫ徳島
2012,Ｊ２ ,第４１節第１日,11/04(日),"
														16:03","
千葉
","
2-0
","
松本
","
														フクアリ","
														14,487",スカパー！／スカパー！プレミアムサービス
2012,Ｊ２ ,第４１節第１日,11/04(日),"
														16:03","
福岡
","
0-2
","
京都
","
														レベスタ","
														9,376",スカパー！／スカパー！プレミアムサービス
2012,Ｊ２ ,第４１節第１日,11/04(日),"
														16:04","
東京Ｖ
","
0-1
","
横浜FC
","
														味スタ","
														13,093",スカパー！／スカパー！プレミアムサービス
2012,Ｊ２ ,第４１節第１日,11/04(日),"
														16:04","
湘南
","
1-0
","
鳥取
","
														ＢＭＷス","
														10,674",スカパー！／スカパー！プレミアムサービス
2012,Ｊ２ ,第４１節第１日,11/04(日),"
														16:04","
愛媛
","
3-1
","
草津
","
														ニンスタ","
														6,491",スカパー！／スカパー！プレミアムサービス／ＮＨＫ松山
2012,Ｊ２ ,第４２節第１日,11/11(日),"
														13:03","
栃木
","
1-2
","
北九州
","
														栃木グ","
														4,510",スカパー！／スカパー！プレミアムサービス／とちぎテレビ（録）
2012,Ｊ２ ,第４２節第１日,11/11(日),"
														13:03","
横浜FC
","
3-2
","
岐阜
","
														ニッパ球","
														8,034",スカパー！／スカパー！プレミアムサービス
2012,Ｊ２ ,第４２節第１日,11/11(日),"
														13:03","
鳥取
","
2-1
","
福岡
","
														とりスタ","
														4,069",スカパー！／スカパー！プレミアムサービス／ＮＨＫ鳥取
2012,Ｊ２ ,第４２節第１日,11/11(日),"
														13:04","
山形
","
0-2
","
岡山
","
														ＮＤスタ","
														7,780",スカパー！／スカパー！プレミアムサービス／ＮＨＫ山形
2012,Ｊ２ ,第４２節第１日,11/11(日),"
														13:04","
松本
","
0-0
","
大分
","
														松本","
														12,956",スカパー！／スカパー！プレミアムサービス／ＮＨＫ長野／ＮＨＫ大分
2012,Ｊ２ ,第４２節第１日,11/11(日),"
														13:04","
富山
","
3-1
","
水戸
","
														富山","
														5,254",スカパー！／スカパー！プレミアムサービス
2012,Ｊ２ ,第４２節第１日,11/11(日),"
														13:04","
京都
","
0-0
","
甲府
","
														西京極","
														12,296",スカパー！／スカパー！プレミアムサービス／ＮＨＫ京都／ＫＢＳ京都（録）
2012,Ｊ２ ,第４２節第１日,11/11(日),"
														13:04","
徳島
","
0-3
","
千葉
","
														鳴門大塚","
														3,461",スカパー！／スカパー！プレミアムサービス
2012,Ｊ２ ,第４２節第１日,11/11(日),"
														13:04","
熊本
","
0-1
","
愛媛
","
														熊本","
														9,688",スカパー！／スカパー！プレミアムサービス／ＮＨＫ熊本
2012,Ｊ２ ,第４２節第１日,11/11(日),"
														13:05","
草津
","
0-1
","
東京Ｖ
","
														正田スタ","
														5,765",スカパー！／スカパー！プレミアムサービス／群馬テレビ
2012,Ｊ２ ,第４２節第１日,11/11(日),"
														13:05","
町田
","
0-3
","
湘南
","
														町田","
														7,139",スカパー！／スカパー！プレミアムサービス
