年度,大会,節,試合日,K/O時刻,ホーム,スコア,アウェイ,スタジアム,入場者数,TV放送
2013,Ｊ２ ,第１節第１日,03/03(日),"
														13:03","
栃木
","
0-1
","
松本
","
														栃木グ","
														8,686",スカパー！／スカパー！プレミアムサービス／とちぎテレビ（録）
2013,Ｊ２ ,第１節第１日,03/03(日),"
														13:03","
千葉
","
0-1
","
札幌
","
														フクアリ","
														13,583",スカパー！／スカパー！プレミアムサービス
2013,Ｊ２ ,第１節第１日,03/03(日),"
														13:05","
岐阜
","
0-2
","
横浜FC
","
														長良川","
														5,006",スカパー！／スカパー！プレミアムサービス／岐阜放送
2013,Ｊ２ ,第１節第１日,03/03(日),"
														13:06","
徳島
","
0-1
","
神戸
","
														鳴門大塚","
														7,917",スカパー！／スカパー！プレミアムサービス
2013,Ｊ２ ,第１節第１日,03/03(日),"
														14:04","
東京Ｖ
","
0-1
","
福岡
","
														味スタ","
														10,447",スカパー！／スカパー！プレミアムサービス
2013,Ｊ２ ,第１節第１日,03/03(日),"
														15:04","
北九州
","
1-2
","
富山
","
														本城","
														2,506",スカパー！／スカパー！プレミアムサービス／ＮＨＫ北九州
2013,Ｊ２ ,第１節第１日,03/03(日),"
														15:05","
熊本
","
1-2
","
鳥取
","
														うまスタ","
														11,116",スカパー！／スカパー！プレミアムサービス／ＮＨＫ熊本／ＮＨＫ鳥取
2013,Ｊ２ ,第１節第１日,03/03(日),"
														15:33","
水戸
","
1-1
","
群馬
","
														Ｋｓスタ","
														5,537",スカパー！／スカパー！プレミアムサービス／ＮＨＫ水戸
2013,Ｊ２ ,第１節第１日,03/03(日),"
														15:34","
岡山
","
1-1
","
長崎
","
														カンスタ","
														9,687",スカパー！／スカパー！プレミアムサービス／ＮＨＫ岡山／ＮＨＫ長崎
2013,Ｊ２ ,第１節第１日,03/03(日),"
														15:34","
愛媛
","
3-1
","
山形
","
														ニンスタ","
														4,474",スカパー！／スカパー！プレミアムサービス／ＮＨＫ松山
2013,Ｊ２ ,第１節第１日,03/03(日),"
														16:03","
Ｇ大阪
","
3-3
","
京都
","
														万博","
														18,041",スカパー！／スカパー！プレミアムサービス
2013,Ｊ２ ,第２節第１日,03/10(日),"
														13:03","
水戸
","
1-0
","
富山
","
														Ｋｓスタ","
														2,895",スカパー！／スカパー！プレミアムサービス
2013,Ｊ２ ,第２節第１日,03/10(日),"
														13:03","
岡山
","
0-0
","
北九州
","
														カンスタ","
														6,356",スカパー！／スカパー！プレミアムサービス
2013,Ｊ２ ,第２節第１日,03/10(日),"
														13:03","
長崎
","
1-3
","
Ｇ大阪
","
														長崎県立","
														18,153",スカパー！／スカパー！プレミアムサービス
2013,Ｊ２ ,第２節第１日,03/10(日),"
														13:04","
群馬
","
0-0
","
鳥取
","
														正田スタ","
														3,635",スカパー！／スカパー！プレミアムサービス／群馬テレビ
2013,Ｊ２ ,第２節第１日,03/10(日),"
														13:05","
愛媛
","
1-1
","
松本
","
														ニンスタ","
														3,325",スカパー！／スカパー！プレミアムサービス
2013,Ｊ２ ,第２節第１日,03/10(日),"
														16:04","
札幌
","
0-1
","
栃木
","
														札幌ド","
														13,248",スカパー！／スカパー！プレミアムサービス
2013,Ｊ２ ,第２節第１日,03/10(日),"
														16:05","
横浜FC
","
2-2
","
徳島
","
														ニッパ球","
														8,437",スカパー！／スカパー！プレミアムサービス
2013,Ｊ２ ,第２節第１日,03/10(日),"
														16:05","
神戸
","
4-0
","
岐阜
","
														ノエスタ","
														10,127",スカパー！／スカパー！プレミアムサービス
2013,Ｊ２ ,第２節第１日,03/10(日),"
														16:05","
福岡
","
2-1
","
山形
","
														レベスタ","
														7,204",スカパー！／スカパー！プレミアムサービス
2013,Ｊ２ ,第２節第１日,03/10(日),"
														18:04","
熊本
","
0-3
","
千葉
","
														うまスタ","
														4,409",スカパー！／スカパー！プレミアムサービス
2013,Ｊ２ ,第２節第１日,03/10(日),"
														19:04","
京都
","
0-0
","
東京Ｖ
","
														西京極","
														7,293",スカパー！／スカパー！プレミアムサービス／ＫＢＳ京都（録）
2013,Ｊ２ ,第３節第１日,03/17(日),"
														13:04","
松本
","
1-2
","
熊本
","
														松本","
														12,959",スカパー！／スカパー！プレミアムサービス／信越放送
2013,Ｊ２ ,第３節第１日,03/17(日),"
														13:04","
鳥取
","
3-1
","
水戸
","
														とりスタ","
														6,467",スカパー！／スカパー！プレミアムサービス／ＮＨＫ鳥取
2013,Ｊ２ ,第３節第１日,03/17(日),"
														13:04","
徳島
","
1-2
","
北九州
","
														鳴門大塚","
														3,299",スカパー！／スカパー！プレミアムサービス／ＮＨＫ徳島
2013,Ｊ２ ,第３節第１日,03/17(日),"
														13:04","
福岡
","
1-2
","
京都
","
														レベスタ","
														4,614",スカパー！／スカパー！プレミアムサービス／ＮＨＫ福岡
2013,Ｊ２ ,第３節第１日,03/17(日),"
														16:03","
栃木
","
0-0
","
千葉
","
														栃木グ","
														5,087",スカパー！／スカパー！プレミアムサービス／とちぎテレビ（録）
2013,Ｊ２ ,第３節第１日,03/17(日),"
														16:03","
東京Ｖ
","
1-1
","
岡山
","
														味スタ","
														3,951",スカパー！／スカパー！プレミアムサービス
2013,Ｊ２ ,第３節第１日,03/17(日),"
														16:03","
Ｇ大阪
","
0-0
","
横浜FC
","
														万博","
														13,476",スカパー！／スカパー！プレミアムサービス
2013,Ｊ２ ,第３節第１日,03/17(日),"
														16:04","
山形
","
2-0
","
長崎
","
														ＮＤスタ","
														7,161",スカパー！／スカパー！プレミアムサービス
2013,Ｊ２ ,第３節第１日,03/17(日),"
														16:04","
神戸
","
1-0
","
札幌
","
														ノエスタ","
														6,776",スカパー！／スカパー！プレミアムサービス
2013,Ｊ２ ,第３節第１日,03/17(日),"
														16:06","
富山
","
1-0
","
愛媛
","
														富山","
														5,069",スカパー！／スカパー！プレミアムサービス
2013,Ｊ２ ,第３節第１日,03/17(日),"
														19:04","
岐阜
","
0-0
","
群馬
","
														長良川","
														2,510",スカパー！／スカパー！プレミアムサービス
2013,Ｊ２ ,第４節第１日,03/20(水・祝),"
														13:03","
熊本
","
2-2
","
Ｇ大阪
","
														うまスタ","
														11,874",スカパー！／スカパー！プレミアムサービス
2013,Ｊ２ ,第４節第１日,03/20(水・祝),"
														13:04","
山形
","
2-1
","
栃木
","
														ＮＤスタ","
														6,011",スカパー！／スカパー！プレミアムサービス
2013,Ｊ２ ,第４節第１日,03/20(水・祝),"
														13:04","
京都
","
4-1
","
神戸
","
														西京極","
														9,485",スカパー！／スカパー！プレミアムサービス／ＮＨＫ京都／ＮＨＫ神戸／ＫＢＳ京都（録）
2013,Ｊ２ ,第４節第１日,03/20(水・祝),"
														13:04","
徳島
","
2-1
","
福岡
","
														鳴門大塚","
														2,921",スカパー！／スカパー！プレミアムサービス
2013,Ｊ２ ,第４節第１日,03/20(水・祝),"
														13:04","
長崎
","
1-0
","
富山
","
														長崎県立","
														2,093",スカパー！／スカパー！プレミアムサービス
2013,Ｊ２ ,第４節第１日,03/20(水・祝),"
														15:03","
千葉
","
1-1
","
鳥取
","
														フクアリ","
														8,386",スカパー！／スカパー！プレミアムサービス
2013,Ｊ２ ,第４節第１日,03/20(水・祝),"
														15:04","
群馬
","
1-0
","
横浜FC
","
														正田スタ","
														3,190",スカパー！／スカパー！プレミアムサービス
2013,Ｊ２ ,第４節第１日,03/20(水・祝),"
														16:03","
北九州
","
1-1
","
東京Ｖ
","
														本城","
														4,509",スカパー！／スカパー！プレミアムサービス
2013,Ｊ２ ,第４節第１日,03/20(水・祝),"
														16:04","
札幌
","
1-2
","
松本
","
														札幌ド","
														9,979",スカパー！／スカパー！プレミアムサービス
2013,Ｊ２ ,第４節第１日,03/20(水・祝),"
														16:04","
愛媛
","
0-0
","
岐阜
","
														ニンスタ","
														2,159",スカパー！／スカパー！プレミアムサービス
2013,Ｊ２ ,第４節第１日,03/20(水・祝),"
														16:05","
岡山
","
1-1
","
水戸
","
														カンスタ","
														6,279",スカパー！／スカパー！プレミアムサービス
2013,Ｊ２ ,第５節第１日,03/24(日),"
														13:03","
松本
","
1-1
","
長崎
","
														松本","
														9,038",スカパー！／スカパー！プレミアムサービス
2013,Ｊ２ ,第５節第１日,03/24(日),"
														13:03","
鳥取
","
1-1
","
栃木
","
														とりスタ","
														2,900",スカパー！／スカパー！プレミアムサービス
2013,Ｊ２ ,第５節第１日,03/24(日),"
														13:03","
北九州
","
1-2
","
山形
","
														本城","
														3,146",スカパー！／スカパー！プレミアムサービス
2013,Ｊ２ ,第５節第１日,03/24(日),"
														13:04","
富山
","
1-0
","
京都
","
														富山","
														4,353",スカパー！／スカパー！プレミアムサービス
2013,Ｊ２ ,第５節第１日,03/24(日),"
														13:04","
岐阜
","
0-1
","
徳島
","
														長良川","
														3,294",スカパー！／スカパー！プレミアムサービス
2013,Ｊ２ ,第５節第１日,03/24(日),"
														14:03","
福岡
","
0-1
","
札幌
","
														レベスタ","
														5,188",スカパー！／スカパー！プレミアムサービス
2013,Ｊ２ ,第５節第１日,03/24(日),"
														16:03","
水戸
","
0-1
","
愛媛
","
														Ｋｓスタ","
														2,584",スカパー！／スカパー！プレミアムサービス
2013,Ｊ２ ,第５節第１日,03/24(日),"
														16:03","
東京Ｖ
","
1-1
","
熊本
","
														味スタ","
														3,291",スカパー！／スカパー！プレミアムサービス
2013,Ｊ２ ,第５節第１日,03/24(日),"
														16:03","
横浜FC
","
0-1
","
岡山
","
														ニッパ球","
														4,271",スカパー！／スカパー！プレミアムサービス
2013,Ｊ２ ,第５節第１日,03/24(日),"
														16:03","
Ｇ大阪
","
1-1
","
千葉
","
														万博","
														11,117",スカパー！／スカパー！プレミアムサービス
2013,Ｊ２ ,第５節第１日,03/24(日),"
														16:04","
神戸
","
4-1
","
群馬
","
														ノエスタ","
														6,594",スカパー！／スカパー！プレミアムサービス
2013,Ｊ２ ,第６節第１日,03/31(日),"
														13:03","
栃木
","
3-0
","
群馬
","
														栃木グ","
														3,030",スカパー！／スカパー！プレミアムサービス
2013,Ｊ２ ,第６節第１日,03/31(日),"
														13:03","
松本
","
1-2
","
神戸
","
														松本","
														9,277",スカパー！／スカパー！プレミアムサービス
2013,Ｊ２ ,第６節第１日,03/31(日),"
														13:03","
福岡
","
1-1
","
水戸
","
														レベスタ","
														4,104",スカパー！／スカパー！プレミアムサービス
2013,Ｊ２ ,第６節第１日,03/31(日),"
														13:03","
熊本
","
1-1
","
富山
","
														うまスタ","
														5,012",スカパー！／スカパー！プレミアムサービス
2013,Ｊ２ ,第６節第１日,03/31(日),"
														13:04","
山形
","
5-1
","
横浜FC
","
														ＮＤスタ","
														5,510",スカパー！／スカパー！プレミアムサービス
2013,Ｊ２ ,第６節第１日,03/31(日),"
														14:04","
愛媛
","
0-1
","
岡山
","
														ニンスタ","
														3,776",スカパー！／スカパー！プレミアムサービス
2013,Ｊ２ ,第６節第１日,03/31(日),"
														16:03","
札幌
","
1-3
","
Ｇ大阪
","
														札幌ド","
														17,020",スカパー！／スカパー！プレミアムサービス
2013,Ｊ２ ,第６節第１日,03/31(日),"
														16:03","
千葉
","
6-1
","
北九州
","
														フクアリ","
														7,185",スカパー！／スカパー！プレミアムサービス
2013,Ｊ２ ,第６節第１日,03/31(日),"
														16:03","
東京Ｖ
","
3-0
","
岐阜
","
														味スタ","
														3,068",スカパー！／スカパー！プレミアムサービス
2013,Ｊ２ ,第６節第１日,03/31(日),"
														16:03","
長崎
","
3-1
","
鳥取
","
														長崎県立","
														2,467",スカパー！／スカパー！プレミアムサービス
2013,Ｊ２ ,第６節第１日,03/31(日),"
														16:04","
京都
","
1-2
","
徳島
","
														西京極","
														6,128",スカパー！／スカパー！プレミアムサービス／ＫＢＳ京都（録）
2013,Ｊ２ ,第７節第１日,04/07(日),"
														13:03","
鳥取
","
0-0
","
福岡
","
														とりスタ","
														1,530",スカパー！／スカパー！プレミアムサービス／日本海テレビ
2013,Ｊ２ ,第７節第１日,04/07(日),"
														13:04","
群馬
","
0-2
","
千葉
","
														正田スタ","
														5,579",スカパー！／スカパー！プレミアムサービス／群馬テレビ
2013,Ｊ２ ,第７節第１日,04/07(日),"
														13:04","
岐阜
","
0-3
","
京都
","
														長良川","
														3,264",スカパー！／スカパー！プレミアムサービス
2013,Ｊ２ ,第７節第１日,04/07(日),"
														13:04","
岡山
","
3-2
","
札幌
","
														カンスタ","
														6,310",スカパー！／スカパー！プレミアムサービス
2013,Ｊ２ ,第７節第１日,04/07(日),"
														13:04","
徳島
","
1-2
","
長崎
","
														鳴門大塚","
														3,488",スカパー！／スカパー！プレミアムサービス
2013,Ｊ２ ,第７節第１日,04/07(日),"
														14:03","
Ｇ大阪
","
0-0
","
東京Ｖ
","
														万博","
														10,010",スカパー！／スカパー！プレミアムサービス
2013,Ｊ２ ,第７節第１日,04/07(日),"
														16:03","
水戸
","
1-2
","
松本
","
														Ｋｓスタ","
														2,513",スカパー！／スカパー！プレミアムサービス
2013,Ｊ２ ,第７節第１日,04/07(日),"
														16:03","
横浜FC
","
0-0
","
熊本
","
														ニッパ球","
														3,086",スカパー！／スカパー！プレミアムサービス
2013,Ｊ２ ,第７節第１日,04/07(日),"
														16:03","
北九州
","
1-0
","
愛媛
","
														本城","
														1,607",スカパー！／スカパー！プレミアムサービス
2013,Ｊ２ ,第７節第１日,04/07(日),"
														16:04","
富山
","
1-2
","
栃木
","
														富山","
														2,315",スカパー！／スカパー！プレミアムサービス
2013,Ｊ２ ,第７節第１日,04/07(日),"
														16:04","
神戸
","
1-0
","
山形
","
														ノエスタ","
														10,559",スカパー！／スカパー！プレミアムサービス
2013,Ｊ２ ,第８節第１日,04/14(日),"
														13:03","
札幌
","
2-1
","
徳島
","
														札幌ド","
														8,173",スカパー！／スカパー！プレミアムサービス／ＮＨＫ札幌
2013,Ｊ２ ,第８節第１日,04/14(日),"
														13:03","
栃木
","
0-1
","
水戸
","
														栃木グ","
														4,606",スカパー！／スカパー！プレミアムサービス／ＮＨＫ宇都宮／ＮＨＫ水戸
2013,Ｊ２ ,第８節第１日,04/14(日),"
														13:03","
松本
","
1-2
","
岐阜
","
														松本","
														9,517",スカパー！／スカパー！プレミアムサービス
2013,Ｊ２ ,第８節第１日,04/14(日),"
														13:04","
山形
","
0-1
","
Ｇ大阪
","
														ＮＤスタ","
														17,223",スカパー！／スカパー！プレミアムサービス
2013,Ｊ２ ,第８節第１日,04/14(日),"
														13:05","
長崎
","
1-0
","
熊本
","
														長崎県立","
														5,916",スカパー！／スカパー！プレミアムサービス／ＮＨＫ長崎
2013,Ｊ２ ,第８節第１日,04/14(日),"
														16:03","
千葉
","
0-0
","
岡山
","
														フクアリ","
														8,406",スカパー！／スカパー！プレミアムサービス
2013,Ｊ２ ,第８節第１日,04/14(日),"
														16:03","
東京Ｖ
","
3-0
","
鳥取
","
														味スタ","
														3,916",スカパー！／スカパー！プレミアムサービス
2013,Ｊ２ ,第８節第１日,04/14(日),"
														16:03","
福岡
","
2-1
","
北九州
","
														レベスタ","
														5,936",スカパー！／スカパー！プレミアムサービス
2013,Ｊ２ ,第８節第１日,04/14(日),"
														16:04","
富山
","
0-0
","
神戸
","
														富山","
														3,624",スカパー！／スカパー！プレミアムサービス
2013,Ｊ２ ,第８節第１日,04/14(日),"
														16:04","
京都
","
0-1
","
横浜FC
","
														西京極","
														7,860",スカパー！／スカパー！プレミアムサービス／ＫＢＳ京都（録）
2013,Ｊ２ ,第８節第１日,04/14(日),"
														19:06","
愛媛
","
2-0
","
群馬
","
														ニンスタ","
														2,124",スカパー！／スカパー！プレミアムサービス
2013,Ｊ２ ,第９節第１日,04/17(水),"
														19:03","
水戸
","
2-0
","
千葉
","
														Ｋｓスタ","
														2,648",スカパー！／スカパー！プレミアムサービス
2013,Ｊ２ ,第９節第１日,04/17(水),"
														19:03","
東京Ｖ
","
2-0
","
山形
","
														味スタ","
														3,057",スカパー！／スカパー！プレミアムサービス
2013,Ｊ２ ,第９節第１日,04/17(水),"
														19:03","
横浜FC
","
1-2
","
長崎
","
														ニッパ球","
														2,690",スカパー！／スカパー！プレミアムサービス
2013,Ｊ２ ,第９節第１日,04/17(水),"
														19:03","
Ｇ大阪
","
1-0
","
松本
","
														万博","
														8,993",スカパー！／スカパー！プレミアムサービス
2013,Ｊ２ ,第９節第１日,04/17(水),"
														19:03","
鳥取
","
0-2
","
札幌
","
														とりスタ","
														1,711",スカパー！／スカパー！プレミアムサービス
2013,Ｊ２ ,第９節第１日,04/17(水),"
														19:03","
岡山
","
1-1
","
京都
","
														カンスタ","
														6,234",スカパー！／スカパー！プレミアムサービス
2013,Ｊ２ ,第９節第１日,04/17(水),"
														19:03","
熊本
","
0-1
","
愛媛
","
														うまスタ","
														3,501",スカパー！／スカパー！プレミアムサービス
2013,Ｊ２ ,第９節第１日,04/17(水),"
														19:04","
群馬
","
0-1
","
福岡
","
														正田スタ","
														1,472",スカパー！／スカパー！プレミアムサービス
2013,Ｊ２ ,第９節第１日,04/17(水),"
														19:04","
岐阜
","
2-3
","
富山
","
														長良川","
														2,341",スカパー！／スカパー！プレミアムサービス
2013,Ｊ２ ,第９節第１日,04/17(水),"
														19:04","
神戸
","
2-1
","
北九州
","
														ノエスタ","
														4,151",スカパー！／スカパー！プレミアムサービス
2013,Ｊ２ ,第９節第１日,04/17(水),"
														19:04","
徳島
","
0-1
","
栃木
","
														鳴門大塚","
														2,325",スカパー！／スカパー！プレミアムサービス
2013,Ｊ２ ,第１０節第１日,04/21(日),"
														13:03","
栃木
","
2-0
","
岐阜
","
														栃木グ","
														2,103",スカパー！／スカパー！プレミアムサービス／とちぎテレビ（録）
2013,Ｊ２ ,第１０節第１日,04/21(日),"
														13:03","
岡山
","
2-0
","
群馬
","
														カンスタ","
														6,983",スカパー！／スカパー！プレミアムサービス
2013,Ｊ２ ,第１０節第１日,04/21(日),"
														13:03","
北九州
","
0-2
","
水戸
","
														本城","
														2,311",スカパー！／スカパー！プレミアムサービス
2013,Ｊ２ ,第１０節第１日,04/21(日),"
														13:04","
山形
","
1-0
","
熊本
","
														ＮＤスタ","
														4,433",スカパー！／スカパー！プレミアムサービス
2013,Ｊ２ ,第１０節第１日,04/21(日),"
														13:04","
長崎
","
0-0
","
札幌
","
														長崎県立","
														3,709",スカパー！／スカパー！プレミアムサービス／長崎国際テレビ
2013,Ｊ２ ,第１０節第１日,04/21(日),"
														14:04","
京都
","
3-0
","
鳥取
","
														西京極","
														4,692",スカパー！／スカパー！プレミアムサービス／ＫＢＳ京都（録）
2013,Ｊ２ ,第１０節第１日,04/21(日),"
														16:03","
千葉
","
1-1
","
福岡
","
														フクアリ","
														6,511",スカパー！／スカパー！プレミアムサービス
2013,Ｊ２ ,第１０節第１日,04/21(日),"
														16:03","
横浜FC
","
1-2
","
神戸
","
														ニッパ球","
														4,328",スカパー！／スカパー！プレミアムサービス
2013,Ｊ２ ,第１０節第１日,04/21(日),"
														16:04","
富山
","
0-4
","
Ｇ大阪
","
														富山","
														13,639",スカパー！／スカパー！プレミアムサービス
2013,Ｊ２ ,第１０節第１日,04/21(日),"
														16:04","
徳島
","
3-2
","
愛媛
","
														鳴門大塚","
														5,215",スカパー！／スカパー！プレミアムサービス
2013,Ｊ２ ,第１１節第１日,04/28(日),"
														13:03","
札幌
","
1-3
","
熊本
","
														札幌厚別","
														6,003",スカパー！／スカパー！プレミアムサービス
2013,Ｊ２ ,第１１節第１日,04/28(日),"
														13:03","
水戸
","
2-2
","
横浜FC
","
														Ｋｓスタ","
														6,175",スカパー！／スカパー！プレミアムサービス
2013,Ｊ２ ,第１１節第１日,04/28(日),"
														13:04","
群馬
","
4-1
","
徳島
","
														正田スタ","
														2,542",スカパー！／スカパー！プレミアムサービス
2013,Ｊ２ ,第１１節第１日,04/28(日),"
														13:04","
京都
","
3-3
","
千葉
","
														西京極","
														8,594",スカパー！／スカパー！プレミアムサービス
2013,Ｊ２ ,第１１節第１日,04/28(日),"
														13:06","
岐阜
","
1-1
","
山形
","
														長良川","
														4,120",スカパー！／スカパー！プレミアムサービス／ＮＨＫ岐阜／ＮＨＫ山形
2013,Ｊ２ ,第１１節第１日,04/28(日),"
														16:03","
福岡
","
0-1
","
松本
","
														レベスタ","
														4,507",スカパー！／スカパー！プレミアムサービス
2013,Ｊ２ ,第１１節第１日,04/28(日),"
														16:04","
富山
","
1-1
","
東京Ｖ
","
														富山","
														4,883",スカパー！／スカパー！プレミアムサービス
2013,Ｊ２ ,第１１節第１日,04/28(日),"
														16:04","
Ｇ大阪
","
1-1
","
鳥取
","
														万博","
														16,803",スカパー！／スカパー！プレミアムサービス
2013,Ｊ２ ,第１１節第１日,04/28(日),"
														16:04","
神戸
","
3-3
","
岡山
","
														ノエスタ","
														14,249",スカパー！／スカパー！プレミアムサービス
2013,Ｊ２ ,第１１節第１日,04/28(日),"
														16:05","
北九州
","
0-2
","
栃木
","
														本城","
														2,628",スカパー！／スカパー！プレミアムサービス
2013,Ｊ２ ,第１１節第２日,04/29(月・祝),"
														14:03","
愛媛
","
0-2
","
長崎
","
														ニンスタ","
														3,918",スカパー！／スカパー！プレミアムサービス／あいテレビ
2013,Ｊ２ ,第１２節第１日,05/03(金・祝),"
														13:03","
栃木
","
1-0
","
岡山
","
														栃木グ","
														4,702",スカパー！／スカパー！プレミアムサービス
2013,Ｊ２ ,第１２節第１日,05/03(金・祝),"
														13:03","
松本
","
1-1
","
群馬
","
														松本","
														11,881",スカパー！／スカパー！プレミアムサービス
2013,Ｊ２ ,第１２節第１日,05/03(金・祝),"
														13:03","
福岡
","
0-0
","
神戸
","
														レベスタ","
														5,710",スカパー！／スカパー！プレミアムサービス
2013,Ｊ２ ,第１２節第１日,05/03(金・祝),"
														13:03","
長崎
","
1-0
","
北九州
","
														長崎県立","
														4,336",スカパー！／スカパー！プレミアムサービス
2013,Ｊ２ ,第１２節第１日,05/03(金・祝),"
														13:04","
山形
","
3-1
","
富山
","
														ＮＤスタ","
														7,292",スカパー！／スカパー！プレミアムサービス
2013,Ｊ２ ,第１２節第１日,05/03(金・祝),"
														14:03","
熊本
","
3-2
","
水戸
","
														うまスタ","
														6,442",スカパー！／スカパー！プレミアムサービス／熊本放送
2013,Ｊ２ ,第１２節第１日,05/03(金・祝),"
														16:03","
東京Ｖ
","
1-3
","
横浜FC
","
														味スタ","
														15,022",スカパー！／スカパー！プレミアムサービス
2013,Ｊ２ ,第１２節第１日,05/03(金・祝),"
														16:03","
鳥取
","
0-1
","
徳島
","
														とりスタ","
														6,123",スカパー！／スカパー！プレミアムサービス
2013,Ｊ２ ,第１２節第１日,05/03(金・祝),"
														16:04","
札幌
","
0-1
","
京都
","
														札幌ド","
														11,981",スカパー！／スカパー！プレミアムサービス
2013,Ｊ２ ,第１２節第１日,05/03(金・祝),"
														19:03","
千葉
","
2-0
","
愛媛
","
														フクアリ","
														10,296",スカパー！／スカパー！プレミアムサービス
2013,Ｊ２ ,第１２節第１日,05/03(金・祝),"
														19:03","
Ｇ大阪
","
2-0
","
岐阜
","
														万博","
														12,729",スカパー！／スカパー！プレミアムサービス
2013,Ｊ２ ,第１３節第１日,05/06(月・休),"
														13:03","
水戸
","
0-0
","
長崎
","
														Ｋｓスタ","
														4,280",スカパー！／スカパー！プレミアムサービス
2013,Ｊ２ ,第１３節第１日,05/06(月・休),"
														13:03","
北九州
","
1-2
","
札幌
","
														本城","
														3,100",スカパー！／スカパー！プレミアムサービス
2013,Ｊ２ ,第１３節第１日,05/06(月・休),"
														13:04","
横浜FC
","
0-1
","
福岡
","
														ニッパ球","
														6,387",スカパー！／スカパー！プレミアムサービス
2013,Ｊ２ ,第１３節第１日,05/06(月・休),"
														13:04","
徳島
","
0-3
","
熊本
","
														鳴門大塚","
														4,583",スカパー！／スカパー！プレミアムサービス
2013,Ｊ２ ,第１３節第１日,05/06(月・休),"
														14:04","
岡山
","
4-3
","
山形
","
														カンスタ","
														11,117",スカパー！／スカパー！プレミアムサービス／山陽放送
2013,Ｊ２ ,第１３節第１日,05/06(月・休),"
														15:04","
群馬
","
0-1
","
東京Ｖ
","
														正田スタ","
														3,856",スカパー！／スカパー！プレミアムサービス／群馬テレビ
2013,Ｊ２ ,第１３節第１日,05/06(月・休),"
														16:04","
神戸
","
2-0
","
Ｇ大阪
","
														ノエスタ","
														23,012",スカパー！／スカパー！プレミアムサービス
2013,Ｊ２ ,第１３節第１日,05/06(月・休),"
														18:04","
京都
","
0-1
","
松本
","
														西京極","
														6,424",スカパー！／スカパー！プレミアムサービス／ＫＢＳ京都（録）
2013,Ｊ２ ,第１３節第１日,05/06(月・休),"
														19:04","
富山
","
1-1
","
鳥取
","
														富山","
														2,820",スカパー！／スカパー！プレミアムサービス
2013,Ｊ２ ,第１３節第１日,05/06(月・休),"
														19:04","
岐阜
","
0-1
","
千葉
","
														長良川","
														3,215",スカパー！／スカパー！プレミアムサービス
2013,Ｊ２ ,第１３節第１日,05/06(月・休),"
														19:04","
愛媛
","
3-0
","
栃木
","
														ニンスタ","
														2,413",スカパー！／スカパー！プレミアムサービス
2013,Ｊ２ ,第１４節第１日,05/12(日),"
														13:03","
栃木
","
2-2
","
長崎
","
														栃木グ","
														3,686",スカパー！／スカパー！プレミアムサービス／とちぎテレビ（録）
2013,Ｊ２ ,第１４節第１日,05/12(日),"
														13:03","
松本
","
1-1
","
北九州
","
														松本","
														8,829",スカパー！／スカパー！プレミアムサービス
2013,Ｊ２ ,第１４節第１日,05/12(日),"
														13:03","
福岡
","
2-3
","
Ｇ大阪
","
														レベスタ","
														14,526",スカパー！／スカパー！プレミアムサービス
2013,Ｊ２ ,第１４節第１日,05/12(日),"
														13:04","
鳥取
","
0-0
","
岡山
","
														とりスタ","
														5,426",スカパー！／スカパー！プレミアムサービス
2013,Ｊ２ ,第１４節第１日,05/12(日),"
														13:04","
徳島
","
3-1
","
水戸
","
														鳴門大塚","
														2,797",スカパー！／スカパー！プレミアムサービス
2013,Ｊ２ ,第１４節第１日,05/12(日),"
														15:03","
東京Ｖ
","
2-1
","
神戸
","
														国立","
														7,464",スカパー！／スカパー！プレミアムサービス
2013,Ｊ２ ,第１４節第１日,05/12(日),"
														16:03","
千葉
","
3-2
","
富山
","
														フクアリ","
														9,399",スカパー！／スカパー！プレミアムサービス
2013,Ｊ２ ,第１４節第１日,05/12(日),"
														16:04","
山形
","
0-1
","
札幌
","
														ＮＤスタ","
														6,460",スカパー！／スカパー！プレミアムサービス
2013,Ｊ２ ,第１４節第１日,05/12(日),"
														16:04","
横浜FC
","
0-0
","
愛媛
","
														ニッパ球","
														5,024",スカパー！／スカパー！プレミアムサービス
2013,Ｊ２ ,第１４節第１日,05/12(日),"
														16:04","
京都
","
2-1
","
群馬
","
														西京極","
														7,078",スカパー！／スカパー！プレミアムサービス／ＫＢＳ京都（録）
2013,Ｊ２ ,第１４節第１日,05/12(日),"
														19:04","
岐阜
","
0-0
","
熊本
","
														長良川","
														2,860",スカパー！／スカパー！プレミアムサービス／岐阜放送
2013,Ｊ２ ,第１０節第２日,05/15(水),"
														19:03","
松本
","
0-0
","
東京Ｖ
","
														松本","
														8,855",スカパー！／スカパー！プレミアムサービス
2013,Ｊ２ ,第１５節第１日,05/19(日),"
														13:03","
鳥取
","
0-6
","
山形
","
														とりスタ","
														1,677",スカパー！／スカパー！プレミアムサービス
2013,Ｊ２ ,第１５節第１日,05/19(日),"
														13:03","
岡山
","
2-0
","
徳島
","
														カンスタ","
														8,510",スカパー！／スカパー！プレミアムサービス／岡山放送
2013,Ｊ２ ,第１５節第１日,05/19(日),"
														13:03","
長崎
","
0-1
","
京都
","
														長崎市","
														3,940",スカパー！／スカパー！プレミアムサービス
2013,Ｊ２ ,第１５節第１日,05/19(日),"
														13:03","
熊本
","
1-4
","
栃木
","
														水前寺","
														3,381",スカパー！／スカパー！プレミアムサービス
2013,Ｊ２ ,第１５節第１日,05/19(日),"
														13:04","
愛媛
","
2-4
","
神戸
","
														ニンスタ","
														3,923",スカパー！／スカパー！プレミアムサービス／ＮＨＫ松山
2013,Ｊ２ ,第１５節第１日,05/19(日),"
														16:03","
札幌
","
1-1
","
東京Ｖ
","
														札幌厚別","
														7,171",スカパー！／スカパー！プレミアムサービス
2013,Ｊ２ ,第１５節第１日,05/19(日),"
														16:03","
水戸
","
4-1
","
岐阜
","
														Ｋｓスタ","
														2,851",スカパー！／スカパー！プレミアムサービス
2013,Ｊ２ ,第１５節第１日,05/19(日),"
														16:03","
千葉
","
1-0
","
松本
","
														フクアリ","
														12,212",スカパー！／スカパー！プレミアムサービス
2013,Ｊ２ ,第１５節第１日,05/19(日),"
														16:03","
Ｇ大阪
","
5-1
","
群馬
","
														万博","
														8,045",スカパー！／スカパー！プレミアムサービス
2013,Ｊ２ ,第１５節第１日,05/19(日),"
														16:03","
北九州
","
1-1
","
横浜FC
","
														本城","
														3,185",スカパー！／スカパー！プレミアムサービス
2013,Ｊ２ ,第１５節第１日,05/19(日),"
														16:04","
富山
","
1-2
","
福岡
","
														富山","
														3,107",スカパー！／スカパー！プレミアムサービス
2013,Ｊ２ ,第１６節第１日,05/26(日),"
														13:03","
札幌
","
0-1
","
水戸
","
														札幌厚別","
														8,590",スカパー！／スカパー！プレミアムサービス／ＮＨＫ札幌
2013,Ｊ２ ,第１６節第１日,05/26(日),"
														13:03","
松本
","
3-0
","
富山
","
														松本","
														9,974",スカパー！／スカパー！プレミアムサービス／ＮＨＫ長野
2013,Ｊ２ ,第１６節第１日,05/26(日),"
														13:03","
長崎
","
2-1
","
千葉
","
														長崎県立","
														3,452",スカパー！／スカパー！プレミアムサービス／長崎国際テレビ
2013,Ｊ２ ,第１６節第１日,05/26(日),"
														13:04","
山形
","
1-2
","
京都
","
														ＮＤスタ","
														6,811",スカパー！／スカパー！プレミアムサービス／ＮＨＫ山形
2013,Ｊ２ ,第１６節第１日,05/26(日),"
														13:04","
群馬
","
0-0
","
北九州
","
														正田スタ","
														2,259",スカパー！／スカパー！プレミアムサービス
2013,Ｊ２ ,第１６節第１日,05/26(日),"
														13:04","
徳島
","
2-1
","
東京Ｖ
","
														鳴門大塚","
														3,312",スカパー！／スカパー！プレミアムサービス／ＮＨＫ徳島
2013,Ｊ２ ,第１６節第１日,05/26(日),"
														16:03","
栃木
","
0-0
","
横浜FC
","
														栃木グ","
														8,003",スカパー！／スカパー！プレミアムサービス／とちぎテレビ（録）
2013,Ｊ２ ,第１６節第１日,05/26(日),"
														16:03","
岡山
","
2-3
","
熊本
","
														カンスタ","
														8,356",スカパー！／スカパー！プレミアムサービス
2013,Ｊ２ ,第１６節第１日,05/26(日),"
														16:03","
福岡
","
2-1
","
岐阜
","
														レベスタ","
														3,471",スカパー！／スカパー！プレミアムサービス
2013,Ｊ２ ,第１６節第１日,05/26(日),"
														16:06","
神戸
","
0-1
","
鳥取
","
														ノエスタ","
														12,654",スカパー！／スカパー！プレミアムサービス
2013,Ｊ２ ,第１６節第１日,05/26(日),"
														19:34","
愛媛
","
1-2
","
Ｇ大阪
","
														ニンスタ","
														10,381",スカパー！／スカパー！プレミアムサービス
2013,Ｊ２ ,第１７節第１日,06/01(土),"
														13:03","
水戸
","
0-2
","
神戸
","
														Ｋｓスタ","
														6,516",スカパー！／スカパー！プレミアムサービス／ＮＨＫ水戸（録）
2013,Ｊ２ ,第１７節第１日,06/01(土),"
														13:04","
富山
","
2-1
","
徳島
","
														富山","
														3,230",スカパー！／スカパー！プレミアムサービス
2013,Ｊ２ ,第１７節第１日,06/01(土),"
														14:04","
横浜FC
","
0-2
","
札幌
","
														ニッパ球","
														7,135",スカパー！／スカパー！プレミアムサービス
2013,Ｊ２ ,第１７節第１日,06/01(土),"
														16:04","
東京Ｖ
","
2-1
","
愛媛
","
														味スタ","
														4,268",スカパー！／スカパー！プレミアムサービス
2013,Ｊ２ ,第１７節第１日,06/01(土),"
														16:04","
Ｇ大阪
","
3-0
","
栃木
","
														万博","
														12,633",スカパー！／スカパー！プレミアムサービス
2013,Ｊ２ ,第１７節第１日,06/01(土),"
														16:04","
福岡
","
1-1
","
熊本
","
														レベスタ","
														7,253",スカパー！／スカパー！プレミアムサービス
2013,Ｊ２ ,第１７節第１日,06/01(土),"
														18:04","
群馬
","
1-2
","
長崎
","
														正田スタ","
														6,186",スカパー！／スカパー！プレミアムサービス／群馬テレビ
2013,Ｊ２ ,第１７節第１日,06/01(土),"
														18:33","
鳥取
","
1-0
","
松本
","
														とりスタ","
														3,698",スカパー！／スカパー！プレミアムサービス
2013,Ｊ２ ,第１７節第１日,06/01(土),"
														19:03","
千葉
","
1-3
","
山形
","
														フクアリ","
														11,041",スカパー！／スカパー！プレミアムサービス
2013,Ｊ２ ,第１７節第２日,06/02(日),"
														19:04","
岐阜
","
0-0
","
岡山
","
														長良川","
														2,665",スカパー！／スカパー！プレミアムサービス／岐阜放送
2013,Ｊ２ ,第１７節第３日,06/03(月),"
														19:04","
京都
","
1-2
","
北九州
","
														西京極","
														5,297",スカパー！／スカパー！プレミアムサービス／ＫＢＳ京都（録）
2013,Ｊ２ ,第１８節第１日,06/08(土),"
														13:03","
栃木
","
2-0
","
福岡
","
														栃木グ","
														3,429",スカパー！／スカパー！プレミアムサービス／とちぎテレビ（録）
2013,Ｊ２ ,第１８節第１日,06/08(土),"
														14:03","
東京Ｖ
","
0-0
","
水戸
","
														駒沢","
														5,840",スカパー！／スカパー！プレミアムサービス
2013,Ｊ２ ,第１８節第１日,06/08(土),"
														14:04","
山形
","
2-2
","
徳島
","
														ＮＤスタ","
														6,509",スカパー！／スカパー！プレミアムサービス／山形テレビ
2013,Ｊ２ ,第１８節第１日,06/08(土),"
														14:04","
富山
","
0-0
","
群馬
","
														富山","
														3,879",スカパー！／スカパー！プレミアムサービス／ＮＨＫ富山／ＮＨＫ前橋
2013,Ｊ２ ,第１８節第１日,06/08(土),"
														14:04","
愛媛
","
3-2
","
札幌
","
														ニンスタ","
														5,544",スカパー！／スカパー！プレミアムサービス
2013,Ｊ２ ,第１８節第１日,06/08(土),"
														17:03","
横浜FC
","
2-1
","
鳥取
","
														ニッパ球","
														11,482",スカパー！／スカパー！プレミアムサービス
2013,Ｊ２ ,第１８節第１日,06/08(土),"
														17:03","
松本
","
1-0
","
岡山
","
														松本","
														10,015",スカパー！／スカパー！プレミアムサービス
2013,Ｊ２ ,第１８節第１日,06/08(土),"
														17:04","
神戸
","
2-2
","
千葉
","
														ノエスタ","
														11,361",スカパー！／スカパー！プレミアムサービス
2013,Ｊ２ ,第１８節第１日,06/08(土),"
														18:03","
北九州
","
0-1
","
Ｇ大阪
","
														本城","
														7,207",スカパー！／スカパー！プレミアムサービス
2013,Ｊ２ ,第１８節第１日,06/08(土),"
														19:04","
岐阜
","
2-1
","
長崎
","
														長良川","
														5,211",スカパー！／スカパー！プレミアムサービス
2013,Ｊ２ ,第１８節第２日,06/09(日),"
														19:04","
熊本
","
1-3
","
京都
","
														うまスタ","
														5,460",スカパー！／スカパー！プレミアムサービス
2013,Ｊ２ ,第１９節第１日,06/14(金),"
														19:04","
徳島
","
2-0
","
松本
","
														鳴門大塚","
														2,717",スカパー！／スカパー！プレミアムサービス
2013,Ｊ２ ,第１９節第２日,06/15(土),"
														14:03","
札幌
","
1-0
","
富山
","
														札幌厚別","
														4,837",スカパー！／スカパー！プレミアムサービス／札幌テレビ
2013,Ｊ２ ,第１９節第２日,06/15(土),"
														18:03","
水戸
","
0-2
","
Ｇ大阪
","
														Ｋｓスタ","
														10,025",スカパー！／スカパー！プレミアムサービス
2013,Ｊ２ ,第１９節第２日,06/15(土),"
														18:03","
栃木
","
2-2
","
神戸
","
														栃木グ","
														6,114",スカパー！／スカパー！プレミアムサービス／とちぎテレビ
2013,Ｊ２ ,第１９節第２日,06/15(土),"
														18:03","
北九州
","
7-0
","
熊本
","
														本城","
														3,819",スカパー！／スカパー！プレミアムサービス
2013,Ｊ２ ,第１９節第２日,06/15(土),"
														18:03","
長崎
","
2-1
","
東京Ｖ
","
														長崎県立","
														5,678",スカパー！／スカパー！プレミアムサービス
2013,Ｊ２ ,第１９節第２日,06/15(土),"
														18:33","
鳥取
","
3-4
","
岐阜
","
														とりスタ","
														3,941",スカパー！／スカパー！プレミアムサービス
2013,Ｊ２ ,第１９節第２日,06/15(土),"
														19:03","
千葉
","
1-1
","
横浜FC
","
														フクアリ","
														10,144",スカパー！／スカパー！プレミアムサービス
2013,Ｊ２ ,第１９節第２日,06/15(土),"
														19:04","
京都
","
4-1
","
愛媛
","
														西京極","
														10,643",スカパー！／スカパー！プレミアムサービス／ＫＢＳ京都
2013,Ｊ２ ,第１９節第２日,06/15(土),"
														19:05","
岡山
","
1-1
","
福岡
","
														カンスタ","
														8,123",スカパー！／スカパー！プレミアムサービス
2013,Ｊ２ ,第１９節第２日,06/15(土),"
														19:34","
群馬
","
2-2
","
山形
","
														正田スタ","
														2,086",スカパー！／スカパー！プレミアムサービス
2013,Ｊ２ ,第２０節第１日,06/22(土),"
														14:03","
札幌
","
4-0
","
岐阜
","
														札幌厚別","
														5,464",スカパー！／スカパー！プレミアムサービス
2013,Ｊ２ ,第２０節第１日,06/22(土),"
														18:03","
東京Ｖ
","
3-3
","
栃木
","
														味スタ","
														4,210",スカパー！／スカパー！プレミアムサービス
2013,Ｊ２ ,第２０節第１日,06/22(土),"
														18:03","
横浜FC
","
2-1
","
富山
","
														ニッパ球","
														4,561",スカパー！／スカパー！プレミアムサービス
2013,Ｊ２ ,第２０節第１日,06/22(土),"
														18:03","
Ｇ大阪
","
1-1
","
岡山
","
														万博","
														15,151",スカパー！／スカパー！プレミアムサービス
2013,Ｊ２ ,第２０節第１日,06/22(土),"
														18:03","
福岡
","
2-0
","
愛媛
","
														レベスタ","
														5,318",スカパー！／スカパー！プレミアムサービス
2013,Ｊ２ ,第２０節第１日,06/22(土),"
														18:04","
山形
","
4-1
","
松本
","
														ＮＤスタ","
														7,128",スカパー！／スカパー！プレミアムサービス
2013,Ｊ２ ,第２０節第１日,06/22(土),"
														18:04","
神戸
","
2-0
","
長崎
","
														ノエスタ","
														10,014",スカパー！／スカパー！プレミアムサービス
2013,Ｊ２ ,第２０節第１日,06/22(土),"
														18:33","
鳥取
","
2-3
","
北九州
","
														とりスタ","
														3,793",スカパー！／スカパー！プレミアムサービス
2013,Ｊ２ ,第２０節第１日,06/22(土),"
														18:35","
徳島
","
1-2
","
千葉
","
														鳴門大塚","
														4,190",スカパー！／スカパー！プレミアムサービス
2013,Ｊ２ ,第２０節第１日,06/22(土),"
														19:04","
京都
","
0-1
","
水戸
","
														西京極","
														10,120",スカパー！／スカパー！プレミアムサービス／ＫＢＳ京都
2013,Ｊ２ ,第２０節第１日,06/22(土),"
														19:04","
熊本
","
2-3
","
群馬
","
														うまスタ","
														5,966",スカパー！／スカパー！プレミアムサービス
2013,Ｊ２ ,第２１節第１日,06/29(土),"
														18:03","
水戸
","
1-3
","
山形
","
														Ｋｓスタ","
														5,746",スカパー！／スカパー！プレミアムサービス
2013,Ｊ２ ,第２１節第１日,06/29(土),"
														18:03","
栃木
","
2-2
","
京都
","
														栃木グ","
														4,784",スカパー！／スカパー！プレミアムサービス／とちぎテレビ
2013,Ｊ２ ,第２１節第１日,06/29(土),"
														18:03","
松本
","
0-1
","
横浜FC
","
														松本","
														14,614",スカパー！／スカパー！プレミアムサービス
2013,Ｊ２ ,第２１節第１日,06/29(土),"
														18:03","
長崎
","
0-0
","
福岡
","
														長崎県立","
														6,971",スカパー！／スカパー！プレミアムサービス
2013,Ｊ２ ,第２１節第１日,06/29(土),"
														18:04","
富山
","
0-0
","
岡山
","
														富山","
														3,632",スカパー！／スカパー！プレミアムサービス
2013,Ｊ２ ,第２１節第１日,06/29(土),"
														19:03","
千葉
","
2-1
","
東京Ｖ
","
														フクアリ","
														11,425",スカパー！／スカパー！プレミアムサービス
2013,Ｊ２ ,第２１節第１日,06/29(土),"
														19:03","
Ｇ大阪
","
2-0
","
徳島
","
														万博","
														13,708",スカパー！／スカパー！プレミアムサービス
2013,Ｊ２ ,第２１節第１日,06/29(土),"
														19:04","
岐阜
","
3-1
","
北九州
","
														長良川","
														4,801",スカパー！／スカパー！プレミアムサービス
2013,Ｊ２ ,第２１節第１日,06/29(土),"
														19:04","
愛媛
","
1-0
","
鳥取
","
														ニンスタ","
														3,054",スカパー！／スカパー！プレミアムサービス
2013,Ｊ２ ,第２１節第１日,06/29(土),"
														19:04","
熊本
","
1-2
","
神戸
","
														うまスタ","
														7,926",スカパー！／スカパー！プレミアムサービス
2013,Ｊ２ ,第２１節第１日,06/29(土),"
														19:34","
群馬
","
2-0
","
札幌
","
														正田スタ","
														2,723",スカパー！／スカパー！プレミアムサービス
2013,Ｊ２ ,第２２節第１日,07/03(水),"
														19:03","
東京Ｖ
","
0-5
","
京都
","
														味スタ","
														2,539",スカパー！／スカパー！プレミアムサービス
2013,Ｊ２ ,第２２節第１日,07/03(水),"
														19:03","
横浜FC
","
3-1
","
栃木
","
														ニッパ球","
														2,812",スカパー！／スカパー！プレミアムサービス
2013,Ｊ２ ,第２２節第１日,07/03(水),"
														19:03","
岡山
","
1-0
","
神戸
","
														カンスタ","
														7,652",スカパー！／スカパー！プレミアムサービス
2013,Ｊ２ ,第２２節第１日,07/03(水),"
														19:03","
福岡
","
1-0
","
群馬
","
														レベスタ","
														2,640",スカパー！／スカパー！プレミアムサービス
2013,Ｊ２ ,第２２節第１日,07/03(水),"
														19:03","
北九州
","
1-2
","
長崎
","
														本城","
														2,105",スカパー！／スカパー！プレミアムサービス
2013,Ｊ２ ,第２２節第１日,07/03(水),"
														19:04","
山形
","
2-3
","
鳥取
","
														ＮＤスタ","
														5,128",スカパー！／スカパー！プレミアムサービス
2013,Ｊ２ ,第２２節第１日,07/03(水),"
														19:04","
松本
","
2-0
","
水戸
","
														松本","
														7,153",スカパー！／スカパー！プレミアムサービス
2013,Ｊ２ ,第２２節第１日,07/03(水),"
														19:04","
富山
","
1-2
","
千葉
","
														富山","
														2,905",スカパー！／スカパー！プレミアムサービス
2013,Ｊ２ ,第２２節第１日,07/03(水),"
														19:04","
岐阜
","
2-8
","
Ｇ大阪
","
														長良川","
														11,719",スカパー！／スカパー！プレミアムサービス
2013,Ｊ２ ,第２２節第１日,07/03(水),"
														19:04","
徳島
","
1-0
","
札幌
","
														鳴門大塚","
														1,875",スカパー！／スカパー！プレミアムサービス
2013,Ｊ２ ,第２２節第１日,07/03(水),"
														19:04","
愛媛
","
1-1
","
熊本
","
														ニンスタ","
														1,104",スカパー！／スカパー！プレミアムサービス
2013,Ｊ２ ,第２３節第１日,07/07(日),"
														14:03","
札幌
","
3-0
","
福岡
","
														札幌厚別","
														6,257",スカパー！／スカパー！プレミアムサービス
2013,Ｊ２ ,第２３節第１日,07/07(日),"
														18:03","
北九州
","
0-2
","
徳島
","
														本城","
														1,732",スカパー！／スカパー！プレミアムサービス
2013,Ｊ２ ,第２３節第１日,07/07(日),"
														18:03","
長崎
","
2-1
","
山形
","
														長崎県立","
														3,249",スカパー！／スカパー！プレミアムサービス
2013,Ｊ２ ,第２３節第１日,07/07(日),"
														18:04","
神戸
","
2-0
","
愛媛
","
														ノエスタ","
														10,160",スカパー！／スカパー！プレミアムサービス
2013,Ｊ２ ,第２３節第１日,07/07(日),"
														18:33","
栃木
","
1-1
","
富山
","
														栃木グ","
														4,503",スカパー！／スカパー！プレミアムサービス／とちぎテレビ
2013,Ｊ２ ,第２３節第１日,07/07(日),"
														18:33","
鳥取
","
1-1
","
東京Ｖ
","
														とりスタ","
														4,330",スカパー！／スカパー！プレミアムサービス
2013,Ｊ２ ,第２３節第１日,07/07(日),"
														19:03","
千葉
","
3-0
","
Ｇ大阪
","
														フクアリ","
														15,982",スカパー！／スカパー！プレミアムサービス
2013,Ｊ２ ,第２３節第１日,07/07(日),"
														19:03","
岡山
","
0-0
","
横浜FC
","
														カンスタ","
														11,485",スカパー！／スカパー！プレミアムサービス
2013,Ｊ２ ,第２３節第１日,07/07(日),"
														19:04","
熊本
","
0-3
","
松本
","
														うまスタ","
														4,139",スカパー！／スカパー！プレミアムサービス
2013,Ｊ２ ,第２３節第１日,07/07(日),"
														19:05","
京都
","
2-0
","
岐阜
","
														西京極","
														7,923",スカパー！／スカパー！プレミアムサービス／ＫＢＳ京都
2013,Ｊ２ ,第２３節第１日,07/07(日),"
														19:34","
群馬
","
0-1
","
水戸
","
														正田スタ","
														3,883",スカパー！／スカパー！プレミアムサービス／群馬テレビ
2013,Ｊ２ ,第２４節第１日,07/14(日),"
														18:03","
水戸
","
1-0
","
岡山
","
														Ｋｓスタ","
														4,020",スカパー！／スカパー！プレミアムサービス
2013,Ｊ２ ,第２４節第１日,07/14(日),"
														18:03","
東京Ｖ
","
2-1
","
札幌
","
														味スタ","
														5,753",スカパー！／スカパー！プレミアムサービス
2013,Ｊ２ ,第２４節第１日,07/14(日),"
														18:03","
松本
","
1-1
","
京都
","
														松本","
														12,151",スカパー！／スカパー！プレミアムサービス
2013,Ｊ２ ,第２４節第１日,07/14(日),"
														18:03","
Ｇ大阪
","
1-1
","
北九州
","
														万博","
														9,425",スカパー！／スカパー！プレミアムサービス
2013,Ｊ２ ,第２４節第１日,07/14(日),"
														18:03","
長崎
","
1-0
","
群馬
","
														長崎県立","
														3,981",スカパー！／スカパー！プレミアムサービス
2013,Ｊ２ ,第２４節第１日,07/14(日),"
														18:04","
山形
","
0-3
","
千葉
","
														ＮＤスタ","
														10,020",スカパー！／スカパー！プレミアムサービス
2013,Ｊ２ ,第２４節第１日,07/14(日),"
														18:04","
神戸
","
1-0
","
富山
","
														ノエスタ","
														10,578",スカパー！／スカパー！プレミアムサービス
2013,Ｊ２ ,第２４節第１日,07/14(日),"
														18:04","
福岡
","
2-0
","
栃木
","
														レベスタ","
														4,892",スカパー！／スカパー！プレミアムサービス
2013,Ｊ２ ,第２４節第１日,07/14(日),"
														18:33","
鳥取
","
0-0
","
横浜FC
","
														とりスタ","
														6,536",スカパー！／スカパー！プレミアムサービス
2013,Ｊ２ ,第２４節第１日,07/14(日),"
														19:03","
熊本
","
1-1
","
岐阜
","
														うまスタ","
														5,603",スカパー！／スカパー！プレミアムサービス
2013,Ｊ２ ,第２４節第１日,07/14(日),"
														19:34","
愛媛
","
0-2
","
徳島
","
														ニンスタ","
														6,516",スカパー！／スカパー！プレミアムサービス
2013,Ｊ２ ,第２５節第１日,07/20(土),"
														18:03","
水戸
","
2-2
","
鳥取
","
														Ｋｓスタ","
														4,201",スカパー！／スカパー！プレミアムサービス
2013,Ｊ２ ,第２５節第１日,07/20(土),"
														18:03","
栃木
","
0-1
","
熊本
","
														栃木グ","
														4,676",スカパー！／スカパー！プレミアムサービス／とちぎテレビ
2013,Ｊ２ ,第２５節第１日,07/20(土),"
														18:03","
横浜FC
","
2-3
","
東京Ｖ
","
														ニッパ球","
														7,324",スカパー！／スカパー！プレミアムサービス
2013,Ｊ２ ,第２５節第１日,07/20(土),"
														18:03","
松本
","
2-4
","
札幌
","
														松本","
														11,019",スカパー！／スカパー！プレミアムサービス
2013,Ｊ２ ,第２５節第１日,07/20(土),"
														18:03","
Ｇ大阪
","
3-2
","
神戸
","
														万博","
														18,193",スカパー！／スカパー！プレミアムサービス
2013,Ｊ２ ,第２５節第１日,07/20(土),"
														18:04","
山形
","
1-2
","
岡山
","
														ＮＤスタ","
														5,142",スカパー！／スカパー！プレミアムサービス
2013,Ｊ２ ,第２５節第１日,07/20(土),"
														18:04","
富山
","
1-1
","
長崎
","
														富山","
														4,141",スカパー！／スカパー！プレミアムサービス
2013,Ｊ２ ,第２５節第１日,07/20(土),"
														18:34","
徳島
","
4-1
","
群馬
","
														鳴門大塚","
														4,664",スカパー！／スカパー！プレミアムサービス
2013,Ｊ２ ,第２５節第１日,07/20(土),"
														19:03","
北九州
","
1-1
","
京都
","
														本城","
														2,555",スカパー！／スカパー！プレミアムサービス
2013,Ｊ２ ,第２５節第１日,07/20(土),"
														19:04","
岐阜
","
0-2
","
福岡
","
														長良川","
														5,857",スカパー！／スカパー！プレミアムサービス
2013,Ｊ２ ,第２５節第１日,07/20(土),"
														19:04","
愛媛
","
0-1
","
千葉
","
														ニンスタ","
														3,674",スカパー！／スカパー！プレミアムサービス
2013,Ｊ２ ,第２６節第１日,07/27(土),"
														14:03","
札幌
","
3-0
","
鳥取
","
														札幌ド","
														12,696",スカパー！／スカパー！プレミアムサービス
2013,Ｊ２ ,第２６節第１日,07/27(土),"
														18:03","
長崎
","
0-2
","
水戸
","
														長崎県立","
														3,063",スカパー！／スカパー！プレミアムサービス
2013,Ｊ２ ,第２６節第１日,07/27(土),"
														18:04","
東京Ｖ
","
3-3
","
Ｇ大阪
","
														味スタ","
														18,705",スカパー！／スカパー！プレミアムサービス
2013,Ｊ２ ,第２６節第１日,07/27(土),"
														18:04","
神戸
","
1-0
","
横浜FC
","
														ノエスタ","
														11,658",スカパー！／スカパー！プレミアムサービス
2013,Ｊ２ ,第２６節第１日,07/27(土),"
														19:03","
千葉
","
1-2
","
徳島
","
														フクアリ","
														8,852",スカパー！／スカパー！プレミアムサービス
2013,Ｊ２ ,第２６節第１日,07/27(土),"
														19:03","
岡山
","
1-2
","
岐阜
","
														カンスタ","
														7,807",スカパー！／スカパー！プレミアムサービス
2013,Ｊ２ ,第２６節第１日,07/27(土),"
														19:03","
北九州
","
1-2
","
松本
","
														本城","
														2,142",スカパー！／スカパー！プレミアムサービス
2013,Ｊ２ ,第２６節第１日,07/27(土),"
														19:04","
京都
","
2-1
","
福岡
","
														西京極","
														7,885",スカパー！／スカパー！プレミアムサービス／ＫＢＳ京都
2013,Ｊ２ ,第２６節第１日,07/27(土),"
														19:04","
熊本
","
1-1
","
山形
","
														うまスタ","
														5,013",スカパー！／スカパー！プレミアムサービス
2013,Ｊ２ ,第２６節第１日,07/27(土),"
														19:49","
群馬
","
1-1
","
富山
","
														正田スタ","
														1,815",スカパー！／スカパー！プレミアムサービス
2013,Ｊ２ ,第２７節第１日,08/04(日),"
														18:03","
横浜FC
","
1-2
","
北九州
","
														ニッパ球","
														4,458",スカパー！／スカパー！プレミアムサービス
2013,Ｊ２ ,第２７節第１日,08/04(日),"
														18:03","
福岡
","
2-3
","
東京Ｖ
","
														レベスタ","
														5,218",スカパー！／スカパー！プレミアムサービス
2013,Ｊ２ ,第２７節第１日,08/04(日),"
														18:04","
富山
","
3-1
","
札幌
","
														富山","
														4,071",スカパー！／スカパー！プレミアムサービス
2013,Ｊ２ ,第２７節第１日,08/04(日),"
														18:04","
神戸
","
2-0
","
栃木
","
														ノエスタ","
														9,198",スカパー！／スカパー！プレミアムサービス
2013,Ｊ２ ,第２７節第１日,08/04(日),"
														18:04","
長崎
","
1-1
","
愛媛
","
														長崎県立","
														3,565",スカパー！／スカパー！プレミアムサービス
2013,Ｊ２ ,第２７節第１日,08/04(日),"
														18:05","
群馬
","
3-0
","
松本
","
														正田スタ","
														6,822",スカパー！／スカパー！プレミアムサービス
2013,Ｊ２ ,第２７節第１日,08/04(日),"
														18:34","
鳥取
","
0-0
","
熊本
","
														とりスタ","
														3,890",スカパー！／スカパー！プレミアムサービス
2013,Ｊ２ ,第２７節第１日,08/04(日),"
														18:34","
徳島
","
3-1
","
岐阜
","
														鳴門大塚","
														3,904",スカパー！／スカパー！プレミアムサービス
2013,Ｊ２ ,第２７節第１日,08/04(日),"
														19:03","
千葉
","
2-0
","
水戸
","
														フクアリ","
														9,658",スカパー！／スカパー！プレミアムサービス
2013,Ｊ２ ,第２７節第１日,08/04(日),"
														19:03","
岡山
","
2-3
","
Ｇ大阪
","
														カンスタ","
														18,269",スカパー！／スカパー！プレミアムサービス
2013,Ｊ２ ,第２７節第１日,08/04(日),"
														19:04","
京都
","
1-1
","
山形
","
														西京極","
														6,424",スカパー！／スカパー！プレミアムサービス
2013,Ｊ２ ,第２８節第１日,08/11(日),"
														15:03","
札幌
","
2-0
","
横浜FC
","
														札幌厚別","
														8,756",スカパー！／スカパー！プレミアムサービス
2013,Ｊ２ ,第２８節第１日,08/11(日),"
														18:03","
水戸
","
4-3
","
栃木
","
														Ｋｓスタ","
														5,195",スカパー！／スカパー！プレミアムサービス
2013,Ｊ２ ,第２８節第１日,08/11(日),"
														18:03","
東京Ｖ
","
2-1
","
長崎
","
														味スタ","
														3,537",スカパー！／スカパー！プレミアムサービス
2013,Ｊ２ ,第２８節第１日,08/11(日),"
														18:03","
松本
","
0-0
","
徳島
","
														松本","
														10,680",スカパー！／スカパー！プレミアムサービス
2013,Ｊ２ ,第２８節第１日,08/11(日),"
														18:03","
Ｇ大阪
","
1-0
","
福岡
","
														万博","
														13,440",スカパー！／スカパー！プレミアムサービス
2013,Ｊ２ ,第２８節第１日,08/11(日),"
														18:04","
山形
","
1-1
","
群馬
","
														ＮＤスタ","
														7,032",スカパー！／スカパー！プレミアムサービス
2013,Ｊ２ ,第２８節第１日,08/11(日),"
														18:05","
岐阜
","
1-0
","
神戸
","
														長良川","
														5,118",スカパー！／スカパー！プレミアムサービス／岐阜放送（録）
2013,Ｊ２ ,第２８節第１日,08/11(日),"
														18:33","
鳥取
","
2-3
","
富山
","
														とりスタ","
														3,537",スカパー！／スカパー！プレミアムサービス
2013,Ｊ２ ,第２８節第１日,08/11(日),"
														19:03","
北九州
","
1-0
","
千葉
","
														本城","
														2,938",スカパー！／スカパー！プレミアムサービス
2013,Ｊ２ ,第２８節第１日,08/11(日),"
														19:04","
愛媛
","
2-0
","
京都
","
														ニンスタ","
														4,048",スカパー！／スカパー！プレミアムサービス
2013,Ｊ２ ,第２８節第２日,08/12(月),"
														19:04","
熊本
","
1-1
","
岡山
","
														うまスタ","
														5,513",スカパー！／スカパー！プレミアムサービス
2013,Ｊ２ ,第２９節第１日,08/18(日),"
														18:03","
栃木
","
1-1
","
鳥取
","
														栃木グ","
														5,579",スカパー！／スカパー！プレミアムサービス／とちぎテレビ
2013,Ｊ２ ,第２９節第１日,08/18(日),"
														18:03","
横浜FC
","
1-0
","
京都
","
														ニッパ球","
														5,309",スカパー！／スカパー！プレミアムサービス
2013,Ｊ２ ,第２９節第１日,08/18(日),"
														18:03","
松本
","
3-2
","
千葉
","
														松本","
														13,044",スカパー！／スカパー！プレミアムサービス
2013,Ｊ２ ,第２９節第１日,08/18(日),"
														18:03","
Ｇ大阪
","
3-0
","
札幌
","
														万博","
														12,449",スカパー！／スカパー！プレミアムサービス
2013,Ｊ２ ,第２９節第１日,08/18(日),"
														18:03","
福岡
","
2-1
","
長崎
","
														レベスタ","
														6,090",スカパー！／スカパー！プレミアムサービス
2013,Ｊ２ ,第２９節第１日,08/18(日),"
														18:04","
山形
","
3-2
","
神戸
","
														ＮＤスタ","
														7,553",スカパー！／スカパー！プレミアムサービス
2013,Ｊ２ ,第２９節第１日,08/18(日),"
														18:04","
群馬
","
1-0
","
熊本
","
														正田スタ","
														2,841",スカパー！／スカパー！プレミアムサービス
2013,Ｊ２ ,第２９節第１日,08/18(日),"
														18:34","
徳島
","
2-0
","
富山
","
														鳴門大塚","
														4,562",スカパー！／スカパー！プレミアムサービス
2013,Ｊ２ ,第２９節第１日,08/18(日),"
														19:03","
岡山
","
2-0
","
東京Ｖ
","
														カンスタ","
														9,762",スカパー！／スカパー！プレミアムサービス
2013,Ｊ２ ,第２９節第１日,08/18(日),"
														19:04","
岐阜
","
1-4
","
水戸
","
														長良川","
														3,765",スカパー！／スカパー！プレミアムサービス
2013,Ｊ２ ,第２９節第１日,08/18(日),"
														19:04","
愛媛
","
3-0
","
北九州
","
														ニンスタ","
														3,336",スカパー！／スカパー！プレミアムサービス
2013,Ｊ２ ,第３０節第１日,08/21(水),"
														18:03","
長崎
","
2-0
","
横浜FC
","
														長崎県立","
														6,863",スカパー！／スカパー！プレミアムサービス
2013,Ｊ２ ,第３０節第１日,08/21(水),"
														19:03","
札幌
","
3-0
","
愛媛
","
														札幌厚別","
														5,664",スカパー！／スカパー！プレミアムサービス
2013,Ｊ２ ,第３０節第１日,08/21(水),"
														19:03","
水戸
","
0-0
","
福岡
","
														Ｋｓスタ","
														2,826",スカパー！／スカパー！プレミアムサービス
2013,Ｊ２ ,第３０節第１日,08/21(水),"
														19:03","
栃木
","
1-1
","
山形
","
														栃木グ","
														3,155",スカパー！／スカパー！プレミアムサービス
2013,Ｊ２ ,第３０節第１日,08/21(水),"
														19:03","
千葉
","
2-2
","
群馬
","
														フクアリ","
														9,258",スカパー！／スカパー！プレミアムサービス
2013,Ｊ２ ,第３０節第１日,08/21(水),"
														19:03","
北九州
","
2-0
","
岐阜
","
														本城","
														3,258",スカパー！／スカパー！プレミアムサービス
2013,Ｊ２ ,第３０節第１日,08/21(水),"
														19:03","
熊本
","
0-1
","
徳島
","
														うまスタ","
														4,052",スカパー！／スカパー！プレミアムサービス／熊本放送
2013,Ｊ２ ,第３０節第１日,08/21(水),"
														19:04","
富山
","
0-1
","
松本
","
														富山","
														4,262",スカパー！／スカパー！プレミアムサービス
2013,Ｊ２ ,第３０節第１日,08/21(水),"
														19:04","
神戸
","
2-1
","
東京Ｖ
","
														ノエスタ","
														6,916",スカパー！／スカパー！プレミアムサービス
2013,Ｊ２ ,第３０節第１日,08/21(水),"
														19:33","
鳥取
","
1-7
","
Ｇ大阪
","
														とりスタ","
														10,096",スカパー！／スカパー！プレミアムサービス
2013,Ｊ２ ,第３０節第１日,08/21(水),"
														19:34","
京都
","
2-4
","
岡山
","
														西京極","
														6,267",スカパー！／スカパー！プレミアムサービス／ＫＢＳ京都
2013,Ｊ２ ,第３１節第１日,08/25(日),"
														18:03","
水戸
","
1-3
","
札幌
","
														Ｋｓスタ","
														5,609",スカパー！／スカパー！プレミアムサービス
2013,Ｊ２ ,第３１節第１日,08/25(日),"
														18:03","
東京Ｖ
","
1-3
","
松本
","
														味スタ","
														6,544",スカパー！／スカパー！プレミアムサービス
2013,Ｊ２ ,第３１節第１日,08/25(日),"
														18:03","
横浜FC
","
2-2
","
Ｇ大阪
","
														ニッパ球","
														12,490",スカパー！／スカパー！プレミアムサービス
2013,Ｊ２ ,第３１節第１日,08/25(日),"
														18:04","
群馬
","
2-1
","
愛媛
","
														正田スタ","
														2,496",スカパー！／スカパー！プレミアムサービス／群馬テレビ
2013,Ｊ２ ,第３１節第１日,08/25(日),"
														18:04","
富山
","
1-3
","
山形
","
														富山","
														4,472",スカパー！／スカパー！プレミアムサービス
2013,Ｊ２ ,第３１節第１日,08/25(日),"
														18:33","
鳥取
","
0-3
","
長崎
","
														とりスタ","
														3,358",スカパー！／スカパー！プレミアムサービス
2013,Ｊ２ ,第３１節第１日,08/25(日),"
														18:34","
徳島
","
1-1
","
京都
","
														鳴門大塚","
														5,129",スカパー！／スカパー！プレミアムサービス
2013,Ｊ２ ,第３１節第１日,08/25(日),"
														19:03","
千葉
","
1-1
","
岐阜
","
														フクアリ","
														10,065",スカパー！／スカパー！プレミアムサービス
2013,Ｊ２ ,第３１節第１日,08/25(日),"
														19:04","
岡山
","
1-3
","
栃木
","
														カンスタ","
														8,046",スカパー！／スカパー！プレミアムサービス
2013,Ｊ２ ,第３１節第１日,08/25(日),"
														19:05","
神戸
","
4-0
","
福岡
","
														神戸ユ","
														10,802",スカパー！／スカパー！プレミアムサービス
2013,Ｊ２ ,第３２節第１日,09/01(日),"
														14:04","
札幌
","
2-2
","
岡山
","
														札幌厚別","
														6,792",スカパー！／スカパー！プレミアムサービス
2013,Ｊ２ ,第３２節第１日,09/01(日),"
														18:03","
横浜FC
","
2-0
","
群馬
","
														ニッパ球","
														4,127",スカパー！／スカパー！プレミアムサービス
2013,Ｊ２ ,第３２節第１日,09/01(日),"
														18:03","
Ｇ大阪
","
1-2
","
長崎
","
														万博","
														9,895",スカパー！／スカパー！プレミアムサービス
2013,Ｊ２ ,第３２節第１日,09/01(日),"
														18:03","
福岡
","
3-4
","
千葉
","
														レベスタ","
														4,552",スカパー！／スカパー！プレミアムサービス
2013,Ｊ２ ,第３２節第１日,09/01(日),"
														18:03","
北九州
","
2-3
","
神戸
","
														本城","
														1,829",スカパー！／スカパー！プレミアムサービス
2013,Ｊ２ ,第３２節第１日,09/01(日),"
														18:04","
山形
","
2-1
","
水戸
","
														ＮＤスタ","
														6,428",スカパー！／スカパー！プレミアムサービス
2013,Ｊ２ ,第３２節第１日,09/01(日),"
														18:04","
松本
","
2-1
","
鳥取
","
														松本","
														10,993",スカパー！／スカパー！プレミアムサービス
2013,Ｊ２ ,第３２節第１日,09/01(日),"
														18:04","
岐阜
","
1-2
","
東京Ｖ
","
														長良川","
														4,180",スカパー！／スカパー！プレミアムサービス／岐阜放送
2013,Ｊ２ ,第３２節第１日,09/01(日),"
														19:03","
栃木
","
0-1
","
徳島
","
														栃木グ","
														2,742",スカパー！／スカパー！プレミアムサービス／とちぎテレビ
2013,Ｊ２ ,第３２節第１日,09/01(日),"
														19:04","
京都
","
2-0
","
熊本
","
														西京極","
														4,314",スカパー！／スカパー！プレミアムサービス／ＫＢＳ京都
2013,Ｊ２ ,第３２節第１日,09/01(日),"
														19:04","
愛媛
","
0-0
","
富山
","
														ニンスタ","
														1,809",スカパー！／スカパー！プレミアムサービス
2013,Ｊ２ ,第３１節第２日,09/05(木),"
														19:03","
熊本
","
1-2
","
北九州
","
														うまスタ","
														3,339",スカパー！／スカパー！プレミアムサービス
2013,Ｊ２ ,第２６節第２日,09/11(水),"
														19:03","
栃木
","
0-1
","
愛媛
","
														栃木グ","
														2,499",スカパー！／スカパー！プレミアムサービス／とちぎテレビ（録）
2013,Ｊ２ ,第３３節第１日,09/15(日),"
														13:04","
岡山
","
2-1
","
松本
","
														カンスタ","
														7,289",スカパー！／スカパー！プレミアムサービス／山陽放送
2013,Ｊ２ ,第３３節第１日,09/15(日),"
														18:03","
栃木
","
4-3
","
札幌
","
														栃木グ","
														4,340",スカパー！／スカパー！プレミアムサービス／とちぎテレビ
2013,Ｊ２ ,第３３節第１日,09/15(日),"
														18:03","
Ｇ大阪
","
5-0
","
水戸
","
														万博","
														6,559",スカパー！／スカパー！プレミアムサービス
2013,Ｊ２ ,第３３節第１日,09/15(日),"
														18:03","
福岡
","
1-5
","
横浜FC
","
														レベスタ","
														6,288",スカパー！／スカパー！プレミアムサービス
2013,Ｊ２ ,第３３節第１日,09/15(日),"
														18:03","
長崎
","
0-2
","
神戸
","
														長崎県立","
														12,156",スカパー！／スカパー！プレミアムサービス
2013,Ｊ２ ,第３３節第１日,09/15(日),"
														18:04","
群馬
","
0-1
","
岐阜
","
														正田スタ","
														2,310",スカパー！／スカパー！プレミアムサービス
2013,Ｊ２ ,第３３節第１日,09/15(日),"
														18:04","
富山
","
0-0
","
北九州
","
														富山","
														3,456",スカパー！／スカパー！プレミアムサービス
2013,Ｊ２ ,第３３節第１日,09/15(日),"
														18:34","
鳥取
","
1-1
","
愛媛
","
														とりスタ","
														2,223",スカパー！／スカパー！プレミアムサービス
2013,Ｊ２ ,第３３節第１日,09/15(日),"
														19:03","
千葉
","
1-2
","
京都
","
														フクアリ","
														10,187",スカパー！／スカパー！プレミアムサービス
2013,Ｊ２ ,第３３節第２日,09/16(月・祝),"
														16:03","
熊本
","
2-1
","
東京Ｖ
","
														うまスタ","
														6,102",スカパー！／スカパー！プレミアムサービス
2013,Ｊ２ ,第３３節第２日,09/16(月・祝),"
														19:05","
徳島
","
2-2
","
山形
","
														鳴門大塚","
														3,414",スカパー！／スカパー！プレミアムサービス
2013,Ｊ２ ,第３４節第１日,09/22(日),"
														13:03","
札幌
","
1-0
","
長崎
","
														札幌厚別","
														7,618",スカパー！／スカパー！プレミアムサービス
2013,Ｊ２ ,第３４節第１日,09/22(日),"
														13:03","
北九州
","
2-1
","
岡山
","
														本城","
														3,143",スカパー！／スカパー！プレミアムサービス
2013,Ｊ２ ,第３４節第１日,09/22(日),"
														13:04","
松本
","
2-2
","
Ｇ大阪
","
														松本","
														17,148",スカパー！／スカパー！プレミアムサービス／信越放送
2013,Ｊ２ ,第３４節第１日,09/22(日),"
														13:04","
岐阜
","
2-1
","
鳥取
","
														大垣","
														3,369",スカパー！／スカパー！プレミアムサービス
2013,Ｊ２ ,第３４節第１日,09/22(日),"
														15:04","
京都
","
3-2
","
富山
","
														鴨池","
														5,594",スカパー！／スカパー！プレミアムサービス／ＫＢＳ京都（録）
2013,Ｊ２ ,第３４節第１日,09/22(日),"
														16:03","
水戸
","
1-1
","
熊本
","
														Ｋｓスタ","
														4,601",スカパー！／スカパー！プレミアムサービス
2013,Ｊ２ ,第３４節第１日,09/22(日),"
														16:04","
山形
","
2-1
","
福岡
","
														ＮＤスタ","
														6,147",スカパー！／スカパー！プレミアムサービス
2013,Ｊ２ ,第３４節第１日,09/22(日),"
														18:04","
群馬
","
0-1
","
栃木
","
														正田スタ","
														3,706",スカパー！／スカパー！プレミアムサービス／群馬テレビ（録）
2013,Ｊ２ ,第３４節第１日,09/22(日),"
														19:04","
神戸
","
3-2
","
徳島
","
														神戸ユ","
														12,311",スカパー！／スカパー！プレミアムサービス
2013,Ｊ２ ,第３４節第２日,09/23(月・祝),"
														14:33","
東京Ｖ
","
1-0
","
千葉
","
														駒沢","
														10,061",スカパー！／スカパー！プレミアムサービス
2013,Ｊ２ ,第３４節第２日,09/23(月・祝),"
														19:04","
愛媛
","
0-1
","
横浜FC
","
														ニンスタ","
														4,251",スカパー！／スカパー！プレミアムサービス
2013,Ｊ２ ,第３５節第１日,09/29(日),"
														13:03","
松本
","
2-2
","
栃木
","
														松本","
														9,933",スカパー！／スカパー！プレミアムサービス／長野放送
2013,Ｊ２ ,第３５節第１日,09/29(日),"
														13:03","
岡山
","
3-0
","
千葉
","
														カンスタ","
														9,550",スカパー！／スカパー！プレミアムサービス／岡山放送
2013,Ｊ２ ,第３５節第１日,09/29(日),"
														15:03","
熊本
","
2-1
","
札幌
","
														うまスタ","
														6,051",スカパー！／スカパー！プレミアムサービス
2013,Ｊ２ ,第３５節第１日,09/29(日),"
														15:05","
京都
","
2-0
","
長崎
","
														西京極","
														9,226",スカパー！／スカパー！プレミアムサービス／ＫＢＳ京都（録）
2013,Ｊ２ ,第３５節第１日,09/29(日),"
														16:03","
東京Ｖ
","
2-1
","
群馬
","
														国立","
														9,002",スカパー！／スカパー！プレミアムサービス
2013,Ｊ２ ,第３５節第１日,09/29(日),"
														16:03","
福岡
","
1-4
","
富山
","
														レベスタ","
														3,968",スカパー！／スカパー！プレミアムサービス
2013,Ｊ２ ,第３５節第１日,09/29(日),"
														16:04","
山形
","
0-1
","
北九州
","
														ＮＤスタ","
														6,646",スカパー！／スカパー！プレミアムサービス
2013,Ｊ２ ,第３５節第１日,09/29(日),"
														16:06","
徳島
","
2-1
","
鳥取
","
														鳴門大塚","
														4,508",スカパー！／スカパー！プレミアムサービス
2013,Ｊ２ ,第３５節第１日,09/29(日),"
														18:03","
Ｇ大阪
","
0-1
","
愛媛
","
														万博","
														12,671",スカパー！／スカパー！プレミアムサービス
2013,Ｊ２ ,第３５節第１日,09/29(日),"
														18:04","
神戸
","
1-1
","
水戸
","
														ノエスタ","
														9,878",スカパー！／スカパー！プレミアムサービス
2013,Ｊ２ ,第３６節第１日,10/06(日),"
														13:03","
水戸
","
0-0
","
徳島
","
														Ｋｓスタ","
														3,715",スカパー！／スカパー！プレミアムサービス
2013,Ｊ２ ,第３６節第１日,10/06(日),"
														13:03","
栃木
","
4-2
","
Ｇ大阪
","
														栃木グ","
														10,687",スカパー！／スカパー！プレミアムサービス／とちぎテレビ（録）
2013,Ｊ２ ,第３６節第１日,10/06(日),"
														13:03","
鳥取
","
0-1
","
京都
","
														とりスタ","
														3,907",スカパー！／スカパー！プレミアムサービス／日本海テレビ
2013,Ｊ２ ,第３６節第１日,10/06(日),"
														13:04","
札幌
","
1-3
","
群馬
","
														札幌厚別","
														6,396",スカパー！／スカパー！プレミアムサービス
2013,Ｊ２ ,第３６節第１日,10/06(日),"
														13:04","
富山
","
1-2
","
熊本
","
														富山","
														4,942",スカパー！／スカパー！プレミアムサービス
2013,Ｊ２ ,第３６節第１日,10/06(日),"
														14:03","
横浜FC
","
1-1
","
山形
","
														味フィ西","
														4,717",スカパー！／スカパー！プレミアムサービス
2013,Ｊ２ ,第３６節第１日,10/06(日),"
														14:05","
愛媛
","
4-0
","
東京Ｖ
","
														ニンスタ","
														6,060",スカパー！／スカパー！プレミアムサービス／テレビ愛媛（録）
2013,Ｊ２ ,第３６節第１日,10/06(日),"
														16:03","
千葉
","
2-1
","
神戸
","
														フクアリ","
														9,557",スカパー！／スカパー！プレミアムサービス
2013,Ｊ２ ,第３６節第１日,10/06(日),"
														16:03","
北九州
","
0-2
","
福岡
","
														本城","
														7,058",スカパー！／スカパー！プレミアムサービス
2013,Ｊ２ ,第３６節第１日,10/06(日),"
														16:03","
長崎
","
1-1
","
岡山
","
														長崎県立","
														4,304",スカパー！／スカパー！プレミアムサービス
2013,Ｊ２ ,第３６節第１日,10/06(日),"
														16:04","
岐阜
","
1-2
","
松本
","
														長良川","
														8,036",スカパー！／スカパー！プレミアムサービス
2013,Ｊ２ ,第３７節第１日,10/20(日),"
														13:03","
栃木
","
4-2
","
東京Ｖ
","
														栃木グ","
														4,278",スカパー！／スカパー！プレミアムサービス／とちぎテレビ（録）
2013,Ｊ２ ,第３７節第１日,10/20(日),"
														13:03","
長崎
","
3-0
","
岐阜
","
														長崎県立","
														7,524",スカパー！／スカパー！プレミアムサービス
2013,Ｊ２ ,第３７節第１日,10/20(日),"
														13:04","
札幌
","
3-1
","
山形
","
														札幌ド","
														9,304",スカパー！／スカパー！プレミアムサービス
2013,Ｊ２ ,第３７節第１日,10/20(日),"
														13:04","
岡山
","
1-1
","
愛媛
","
														カンスタ","
														6,705",スカパー！／スカパー！プレミアムサービス
2013,Ｊ２ ,第３７節第１日,10/20(日),"
														14:03","
福岡
","
1-1
","
鳥取
","
														レベスタ","
														4,933",スカパー！／スカパー！プレミアムサービス
2013,Ｊ２ ,第３７節第１日,10/20(日),"
														15:04","
群馬
","
2-3
","
京都
","
														正田スタ","
														2,781",スカパー！／スカパー！プレミアムサービス／群馬テレビ
2013,Ｊ２ ,第３７節第１日,10/20(日),"
														16:03","
水戸
","
2-2
","
北九州
","
														Ｋｓスタ","
														2,261",スカパー！／スカパー！プレミアムサービス／ＮＨＫ水戸
2013,Ｊ２ ,第３７節第１日,10/20(日),"
														16:03","
千葉
","
6-0
","
熊本
","
														フクアリ","
														7,345",スカパー！／スカパー！プレミアムサービス
2013,Ｊ２ ,第３７節第１日,10/20(日),"
														16:04","
Ｇ大阪
","
3-1
","
富山
","
														万博","
														9,286",スカパー！／スカパー！プレミアムサービス
2013,Ｊ２ ,第３７節第１日,10/20(日),"
														16:04","
神戸
","
7-0
","
松本
","
														ノエスタ","
														9,619",スカパー！／スカパー！プレミアムサービス／ＮＨＫ神戸
2013,Ｊ２ ,第３７節第１日,10/20(日),"
														16:07","
徳島
","
0-1
","
横浜FC
","
														鳴門大塚","
														4,706",スカパー！／スカパー！プレミアムサービス
2013,Ｊ２ ,第３５節第２日,10/23(水),"
														19:03","
横浜FC
","
2-2
","
岐阜
","
														ニッパ球","
														2,139",スカパー！／スカパー！プレミアムサービス
2013,Ｊ２ ,第３８節第１日,10/27(日),"
														13:03","
横浜FC
","
1-2
","
千葉
","
														ニッパ球","
														10,507",スカパー！／スカパー！プレミアムサービス
2013,Ｊ２ ,第３８節第１日,10/27(日),"
														13:03","
鳥取
","
1-2
","
神戸
","
														とりスタ","
														5,108",スカパー！／スカパー！プレミアムサービス
2013,Ｊ２ ,第３８節第１日,10/27(日),"
														13:04","
岐阜
","
0-1
","
栃木
","
														長良川","
														3,830",スカパー！／スカパー！プレミアムサービス
2013,Ｊ２ ,第３８節第１日,10/27(日),"
														13:04","
京都
","
2-0
","
札幌
","
														西京極","
														8,590",スカパー！／スカパー！プレミアムサービス／ＫＢＳ京都（録）
2013,Ｊ２ ,第３８節第１日,10/27(日),"
														13:04","
徳島
","
1-5
","
Ｇ大阪
","
														鳴門大塚","
														8,897",スカパー！／スカパー！プレミアムサービス／ＮＨＫ徳島（録）
2013,Ｊ２ ,第３８節第１日,10/27(日),"
														13:04","
熊本
","
1-0
","
長崎
","
														うまスタ","
														7,306",スカパー！／スカパー！プレミアムサービス
2013,Ｊ２ ,第３８節第１日,10/27(日),"
														15:33","
松本
","
2-1
","
福岡
","
														松本","
														9,754",スカパー！／スカパー！プレミアムサービス／長野朝日放送
2013,Ｊ２ ,第３８節第１日,10/27(日),"
														16:03","
東京Ｖ
","
1-0
","
北九州
","
														味スタ","
														3,761",スカパー！／スカパー！プレミアムサービス
2013,Ｊ２ ,第３８節第１日,10/27(日),"
														16:04","
山形
","
3-0
","
愛媛
","
														ＮＤスタ","
														5,795",スカパー！／スカパー！プレミアムサービス／ＮＨＫ山形
2013,Ｊ２ ,第３８節第１日,10/27(日),"
														16:04","
富山
","
2-1
","
水戸
","
														富山","
														4,056",スカパー！／スカパー！プレミアムサービス／ＮＨＫ富山
2013,Ｊ２ ,第３８節第１日,10/27(日),"
														18:04","
群馬
","
2-1
","
岡山
","
														正田スタ","
														2,763",スカパー！／スカパー！プレミアムサービス
2013,Ｊ２ ,第３９節第１日,11/03(日・祝),"
														13:03","
札幌
","
1-0
","
千葉
","
														札幌ド","
														12,718",スカパー！／スカパー！プレミアムサービス
2013,Ｊ２ ,第３９節第１日,11/03(日・祝),"
														13:03","
横浜FC
","
1-3
","
松本
","
														ニッパ球","
														9,095",スカパー！／スカパー！プレミアムサービス
2013,Ｊ２ ,第３９節第１日,11/03(日・祝),"
														13:03","
福岡
","
1-0
","
徳島
","
														レベスタ","
														4,253",スカパー！／スカパー！プレミアムサービス
2013,Ｊ２ ,第３９節第１日,11/03(日・祝),"
														13:03","
長崎
","
2-0
","
栃木
","
														長崎県立","
														5,259",スカパー！／スカパー！プレミアムサービス
2013,Ｊ２ ,第３９節第１日,11/03(日・祝),"
														13:04","
山形
","
2-2
","
岐阜
","
														ＮＤスタ","
														5,869",スカパー！／スカパー！プレミアムサービス
2013,Ｊ２ ,第３９節第１日,11/03(日・祝),"
														13:04","
北九州
","
3-2
","
群馬
","
														本城","
														1,682",スカパー！／スカパー！プレミアムサービス／ＮＨＫ北九州
2013,Ｊ２ ,第３９節第１日,11/03(日・祝),"
														13:05","
Ｇ大阪
","
4-0
","
熊本
","
														万博","
														11,402",スカパー！／スカパー！プレミアムサービス／ＮＨＫ大阪／毎日放送（録）
2013,Ｊ２ ,第３９節第１日,11/03(日・祝),"
														13:05","
岡山
","
2-0
","
鳥取
","
														カンスタ","
														6,782",スカパー！／スカパー！プレミアムサービス
2013,Ｊ２ ,第３９節第１日,11/03(日・祝),"
														14:05","
東京Ｖ
","
1-2
","
富山
","
														味スタ","
														3,988",スカパー！／スカパー！プレミアムサービス
2013,Ｊ２ ,第３９節第１日,11/03(日・祝),"
														16:04","
愛媛
","
2-2
","
水戸
","
														ニンスタ","
														2,934",スカパー！／スカパー！プレミアムサービス
2013,Ｊ２ ,第３９節第１日,11/03(日・祝),"
														19:04","
神戸
","
0-0
","
京都
","
														ノエスタ","
														22,468",スカパー！／スカパー！プレミアムサービス／ＮＨＫ　ＢＳ１
2013,Ｊ２ ,第４０節第１日,11/10(日),"
														13:03","
栃木
","
3-2
","
北九州
","
														栃木グ","
														6,671",スカパー！／スカパー！プレミアムサービス／とちぎテレビ（録）
2013,Ｊ２ ,第４０節第１日,11/10(日),"
														13:03","
千葉
","
0-2
","
長崎
","
														フクアリ","
														9,333",スカパー！／スカパー！プレミアムサービス
2013,Ｊ２ ,第４０節第１日,11/10(日),"
														13:03","
松本
","
2-3
","
山形
","
														松本","
														8,147",スカパー！／スカパー！プレミアムサービス／テレビ信州
2013,Ｊ２ ,第４０節第１日,11/10(日),"
														13:04","
京都
","
0-2
","
Ｇ大阪
","
														西京極","
														15,380",スカパー！／スカパー！プレミアムサービス／ＮＨＫ　ＢＳ１／ＫＢＳ京都（録）
2013,Ｊ２ ,第４０節第１日,11/10(日),"
														16:03","
札幌
","
1-0
","
神戸
","
														札幌ド","
														18,088",スカパー！／スカパー！プレミアムサービス
2013,Ｊ２ ,第４０節第１日,11/10(日),"
														16:04","
富山
","
0-1
","
横浜FC
","
														富山","
														3,299",スカパー！／スカパー！プレミアムサービス
2013,Ｊ２ ,第４０節第１日,11/10(日),"
														16:04","
岐阜
","
1-1
","
愛媛
","
														長良川","
														2,856",スカパー！／スカパー！プレミアムサービス
2013,Ｊ２ ,第４０節第１日,11/10(日),"
														16:04","
鳥取
","
1-1
","
群馬
","
														とりスタ","
														2,222",スカパー！／スカパー！プレミアムサービス
2013,Ｊ２ ,第４０節第１日,11/10(日),"
														16:04","
徳島
","
2-0
","
岡山
","
														鳴門大塚","
														6,880",スカパー！／スカパー！プレミアムサービス
2013,Ｊ２ ,第４０節第１日,11/10(日),"
														19:04","
水戸
","
1-0
","
東京Ｖ
","
														Ｋｓスタ","
														4,773",スカパー！／スカパー！プレミアムサービス
2013,Ｊ２ ,第４０節第１日,11/10(日),"
														19:04","
熊本
","
1-1
","
福岡
","
														うまスタ","
														6,561",スカパー！／スカパー！プレミアムサービス
2013,Ｊ２ ,第４１節第１日,11/17(日),"
														14:03","
水戸
","
2-1
","
京都
","
														Ｋｓスタ","
														8,266",スカパー！／スカパー！プレミアムサービス／ＮＨＫ水戸
2013,Ｊ２ ,第４１節第１日,11/17(日),"
														14:03","
Ｇ大阪
","
3-2
","
山形
","
														万博","
														13,970",スカパー！／スカパー！プレミアムサービス
2013,Ｊ２ ,第４１節第１日,11/17(日),"
														14:04","
千葉
","
1-1
","
栃木
","
														フクアリ","
														11,253",スカパー！／スカパー！プレミアムサービス
2013,Ｊ２ ,第４１節第１日,11/17(日),"
														14:04","
岡山
","
1-3
","
富山
","
														カンスタ","
														8,754",スカパー！／スカパー！プレミアムサービス／ＮＨＫ岡山／ＮＨＫ富山
2013,Ｊ２ ,第４１節第１日,11/17(日),"
														14:04","
長崎
","
0-1
","
松本
","
														長崎県立","
														11,624",スカパー！／スカパー！プレミアムサービス／ＮＨＫ　ＢＳ１／長崎国際テレビ
2013,Ｊ２ ,第４１節第１日,11/17(日),"
														14:04","
熊本
","
0-1
","
横浜FC
","
														うまスタ","
														12,003",スカパー！／スカパー！プレミアムサービス／ＮＨＫ熊本
2013,Ｊ２ ,第４１節第１日,11/17(日),"
														17:03","
東京Ｖ
","
1-1
","
徳島
","
														味スタ","
														4,777",スカパー！／スカパー！プレミアムサービス
2013,Ｊ２ ,第４１節第１日,11/17(日),"
														17:03","
北九州
","
2-1
","
鳥取
","
														本城","
														4,205",スカパー！／スカパー！プレミアムサービス
2013,Ｊ２ ,第４１節第１日,11/17(日),"
														17:04","
愛媛
","
2-2
","
福岡
","
														ニンスタ","
														4,129",スカパー！／スカパー！プレミアムサービス
2013,Ｊ２ ,第４１節第１日,11/17(日),"
														17:05","
岐阜
","
0-3
","
札幌
","
														長良川","
														7,015",スカパー！／スカパー！プレミアムサービス
2013,Ｊ２ ,第４１節第１日,11/17(日),"
														18:04","
群馬
","
2-2
","
神戸
","
														正田スタ","
														4,235",スカパー！／スカパー！プレミアムサービス
2013,Ｊ２ ,第４２節第１日,11/24(日),"
														12:33","
札幌
","
0-0
","
北九州
","
														札幌ド","
														24,813",スカパー！／スカパー！プレミアムサービス／ＮＨＫ札幌
2013,Ｊ２ ,第４２節第１日,11/24(日),"
														12:33","
横浜FC
","
4-1
","
水戸
","
														ニッパ球","
														6,975",スカパー！／スカパー！プレミアムサービス
2013,Ｊ２ ,第４２節第１日,11/24(日),"
														12:33","
福岡
","
2-0
","
岡山
","
														レベスタ","
														9,605",スカパー！／スカパー！プレミアムサービス
2013,Ｊ２ ,第４２節第１日,11/24(日),"
														12:34","
山形
","
0-0
","
東京Ｖ
","
														ＮＤスタ","
														7,118",スカパー！／スカパー！プレミアムサービス
2013,Ｊ２ ,第４２節第１日,11/24(日),"
														12:34","
群馬
","
1-1
","
Ｇ大阪
","
														正田スタ","
														7,810",スカパー！／スカパー！プレミアムサービス／群馬テレビ
2013,Ｊ２ ,第４２節第１日,11/24(日),"
														12:34","
松本
","
1-0
","
愛媛
","
														松本","
														16,885",スカパー！／スカパー！プレミアムサービス
2013,Ｊ２ ,第４２節第１日,11/24(日),"
														12:34","
京都
","
1-2
","
栃木
","
														西京極","
														10,500",スカパー！／スカパー！プレミアムサービス／ＮＨＫ京都／ＫＢＳ京都（録）
2013,Ｊ２ ,第４２節第１日,11/24(日),"
														12:34","
鳥取
","
2-2
","
千葉
","
														とりスタ","
														3,560",スカパー！／スカパー！プレミアムサービス／ＮＨＫ鳥取
2013,Ｊ２ ,第４２節第１日,11/24(日),"
														12:34","
長崎
","
0-1
","
徳島
","
														長崎県立","
														11,214",スカパー！／スカパー！プレミアムサービス／ＮＨＫ　ＢＳ１／ＮＨＫ長崎／ＮＨＫ徳島
2013,Ｊ２ ,第４２節第１日,11/24(日),"
														12:35","
富山
","
1-2
","
岐阜
","
														富山","
														7,805",スカパー！／スカパー！プレミアムサービス
2013,Ｊ２ ,第４２節第１日,11/24(日),"
														12:35","
神戸
","
3-0
","
熊本
","
														ノエスタ","
														18,756",スカパー！／スカパー！プレミアムサービス／ＮＨＫ神戸
